,trackName,artistName,count,danceability,energy,key,loudness,mode,speechiness,acousticness,instrumentalness,liveness,valence,tempo,id,duration_ms,time_signature
1570,If By Chance,Ruth B.,1,0.405,0.279,10.0,-8.099,1.0,0.0334,0.881,0.0,0.0933,0.256,119.85,21dpBHPTV7ythCHBI6Slcw,303653.0,4.0
4115,please,Chelsea Cutler,68,0.718,0.166,6.0,-15.82,0.0,0.0344,0.887,0.0216,0.131,0.237,97.947,0TzeZppPwhEhySYaNRulr9,219067.0,4.0
3207,"The Sun Will Come Up, The Seasons Will Change",Nina Nesbitt,21,0.69,0.582,5.0,-6.259,0.0,0.0333,0.358,0.0,0.0776,0.448,122.02,3i0VfLdOUCks9DmAht65XI,176853.0,4.0
2577,Rain,Kate Vogel,1,0.548,0.27,5.0,-10.2,1.0,0.0287,0.913,0.0432,0.0943,0.213,76.908,57uCYwWk48K38oIvozWR2P,150073.0,4.0
696,Dear August,PJ Harding,22,0.643,0.324,0.0,-7.817,1.0,0.0338,0.8,0.0,0.111,0.444,147.019,16gW9O8A4rIMx5OOVlzsSn,200940.0,4.0
229,At My Funeral,Lily Kincade,1,0.478,0.388,6.0,-10.111,1.0,0.0454,0.765,3.49e-06,0.347,0.404,165.57,6emK2IB8L0xVa4QuJx1Sdh,169911.0,3.0
3797,buttercup,Palmer,6,0.782,0.322,8.0,-12.371,1.0,0.0443,0.673,0.00014,0.0806,0.359,119.941,5bbxBlkH2QdB1AkA0JIx36,196000.0,4.0
2593,Reasons to Leave,Suriel Hess,1,0.445,0.421,11.0,-9.088,1.0,0.0812,0.825,0.0,0.105,0.269,142.226,0dhMGnSEi6yQOvsMylbHt8,165142.0,4.0
3093,Tall Paul,Annette Funicello,1,0.382,0.543,3.0,-9.582,1.0,0.0442,0.676,4.94e-05,0.31,0.961,202.42,7oJujJSTfOKP1Gw95dK3Sy,97080.0,4.0
90,A Thousand Years,Christina Perri,13,0.421,0.407,10.0,-7.445,1.0,0.0267,0.309,0.000961,0.11,0.161,139.028,6lanRgr6wXibZr8KgzXxBl,285120.0,3.0
4198,the author,Luz,31,0.354,0.264,0.0,-12.571,1.0,0.0544,0.832,0.0,0.11,0.227,80.567,0uqFo6F9DppKZtwm3zhG3s,217213.0,4.0
3654,Yellow Lights,Harry Hudson,42,0.444,0.21,3.0,-10.811,1.0,0.0516,0.844,0.0,0.0956,0.306,145.944,524dq3zKwXrP4uPL6VwoWT,171382.0,1.0
950,Favourite Ex,Maisie Peters,51,0.396,0.177,5.0,-10.277,1.0,0.0378,0.718,0.0,0.139,0.221,177.215,1a1SQeSqUKzH5OUVTEx4ae,201694.0,3.0
847,Emergency Contact,Haley Joelle,19,0.44,0.198,7.0,-7.807,1.0,0.0486,0.836,0.0,0.126,0.394,163.46,0D3ajMZc16iOnJIoCRfrE3,156585.0,3.0
854,Empath,Natalie Madigan,1,0.478,0.193,2.0,-13.492,1.0,0.0338,0.843,0.000187,0.0854,0.192,84.995,28exXeyvpnqVtoU5Fssvf1,194752.0,4.0
1306,Hold It Together,JP Saxe,2,0.558,0.233,7.0,-12.513,1.0,0.089,0.797,0.0,0.13,0.353,80.881,6nc93zBCXiQ1AqzARWDMcP,219440.0,4.0
2217,New Rules,Dua Lipa,1,0.762,0.7,9.0,-6.021,0.0,0.0694,0.00261,1.56e-05,0.153,0.608,116.073,2ekn2ttSfGqwhhate0LSR0,209320.0,4.0
1813,Letting Go for a Little While,Ryan McMullan,13,0.454,0.305,0.0,-9.432,1.0,0.0315,0.834,6.36e-06,0.114,0.316,98.249,7jzRd63EEaGM1VkrgzmpE3,188796.0,4.0
1252,Headlights,The National Parks,9,0.384,0.323,4.0,-11.522,1.0,0.0306,0.682,1.32e-05,0.111,0.388,154.264,52UZMM8tPN5abxKv8RBezb,192387.0,4.0
2638,Riptide,Vance Joy,24,0.484,0.731,1.0,-6.694,1.0,0.0379,0.431,0.0,0.151,0.51,101.654,3JvrhDOgAt6p7K8mDyZwRd,204280.0,4.0
634,Crazier Things (with Noah Kahan),Chelsea Cutler,25,0.635,0.274,2.0,-13.53,1.0,0.033,0.813,0.0,0.162,0.316,93.025,3K7vPyMCcecKRotnu08MMP,264585.0,4.0
1257,Headstones and Land Mines,Lizzy McAlpine,5,0.444,0.092,4.0,-17.467,1.0,0.0344,0.896,0.0117,0.111,0.291,173.854,7h3bcoYiTGlmz7NLW08Cts,155427.0,3.0
1534,I'll Buy A House - Acoustic,Violet Skies,9,,,,,,,,,,,,,,
1926,Love Is Letting Go (feat. Diane Keaton),Ashe,14,0.597,0.283,9.0,-9.468,1.0,0.0292,0.923,1.28e-06,0.121,0.438,88.867,5ZtOg6T7qui1IMSwGh358t,154865.0,4.0
3464,We Gotta Go,Woodlock,1,0.531,0.438,3.0,-10.325,1.0,0.033,0.732,0.0572,0.158,0.229,121.534,7yhMzOtnrsZUULmpRpIBA8,252331.0,4.0
932,Falling Apart,Michael Schulte,1,0.543,0.333,7.0,-9.355,0.0,0.0272,0.824,3.87e-06,0.168,0.261,109.789,0aIW3ekrhK1eh3BYCh11op,198573.0,4.0
2165,My Life,Steinza,2,0.616,0.283,0.0,-13.9,1.0,0.03,0.681,1.89e-05,0.438,0.215,126.718,2xou9fTC11C4RG3jMgxMHW,164842.0,4.0
2533,"Portland, Maine",Donovan Woods,19,0.606,0.349,4.0,-13.967,1.0,0.0319,0.764,0.306,0.112,0.156,80.071,12niARgkwxGsklcEwh6GlG,203870.0,4.0
198,Anyway,Noah Kahan,19,0.65,0.156,7.0,-10.686,1.0,0.0338,0.742,0.0,0.126,0.243,133.919,5FwlCxV2Q4xjTywLsD3Kxe,312146.0,4.0
2618,Reruns,Rosie Darling,18,0.571,0.28,1.0,-10.96,1.0,0.052,0.73,0.0,0.102,0.203,127.867,2YBbTgu1H0kQttnPetbPGS,146253.0,3.0
782,Don't Start Now,Avery Lynch,2,,,,,,,,,,,,,,
270,Be,Garrett Kato,27,0.658,0.423,11.0,-8.796,0.0,0.113,0.757,0.0,0.105,0.279,80.018,4K58TCl6cXgby5ZFP4Aggw,149695.0,4.0
4112,pinball,Corey Harper,3,0.699,0.179,7.0,-11.288,1.0,0.0308,0.844,0.0,0.104,0.188,117.957,2XkyWvwFkp4490ADSm3aKA,191047.0,4.0
4180,stuck in my head,BLÜ EYES,3,0.52,0.31,1.0,-10.038,1.0,0.0468,0.777,0.0,0.143,0.26,84.007,6RTxOMQEsqugkQFMzkRCqz,152396.0,3.0
3546,Where Do I Go?,Lizzy McAlpine,11,0.466,0.0888,1.0,-16.428,1.0,0.0394,0.938,6.7e-06,0.0947,0.208,117.56,1L9QNJWAnxApkRKXAKFjTO,206533.0,3.0
1307,Hold Me,Brennen Henson,11,0.51,0.658,2.0,-8.548,1.0,0.0534,0.672,1.82e-05,0.233,0.654,179.943,3eoNkbxAbEAwjhWUNjvtZ6,252056.0,3.0
431,Brooklyn,Emily James,20,0.54,0.384,10.0,-9.742,1.0,0.0457,0.766,0.00021,0.116,0.367,180.078,3eDo0sBUGqFUnnScLAUy0f,170960.0,4.0
2966,Still,Jolé,10,0.538,0.191,1.0,-13.517,1.0,0.0339,0.941,0.00091,0.0987,0.139,130.983,7lKmIkQzOyJuW9ZIbmIOog,227699.0,4.0
1854,Little Do You Know,Alex & Sierra,13,0.5,0.292,0.0,-8.554,1.0,0.0323,0.746,0.0,0.188,0.37,145.879,1almCHdsfikRPfVB9VrEdT,185200.0,4.0
576,Coffee Stained Smile,Delaney Bailey,29,0.431,0.0586,7.0,-18.132,0.0,0.0445,0.887,1.79e-05,0.0947,0.145,111.072,4zViEBkXQ68ObajzhGSqfF,180912.0,3.0
2069,Memory Lane,Haley Joelle,45,0.488,0.103,1.0,-12.009,1.0,0.0522,0.933,0.0,0.107,0.326,120.141,1KMEDSIl2j1NwYa9mgvMyg,154000.0,4.0
162,Alpine Green,Jolé,27,0.527,0.144,9.0,-16.346,1.0,0.0339,0.954,0.00127,0.0972,0.312,97.749,5eBrtJj35okckUbYP78X14,150491.0,4.0
3948,human,Christina Perri,9,0.439,0.489,8.0,-6.286,1.0,0.0368,0.132,0.000643,0.114,0.253,143.808,1x80xTzSL7pok3M5JC3oJz,250707.0,4.0
1112,Glad It's You,Kate Vogel,15,0.34,0.268,9.0,-11.761,0.0,0.0451,0.848,0.0,0.107,0.248,81.08,4uxBDSJUqGOUzkj9ul4fKT,223111.0,4.0
2868,So It Is,Rosie H Sullivan,4,0.483,0.164,6.0,-15.938,1.0,0.0376,0.931,0.000684,0.0898,0.241,94.433,5nVX6Lv58ZcwPcK3v2nVkw,245783.0,4.0
1332,Home for the Summer,Sara Kays,2,0.682,0.529,4.0,-9.862,1.0,0.0469,0.782,0.000294,0.102,0.39,126.995,14ahZtLV5yKtqQATTfQta0,155272.0,4.0
2196,Never Alone,Garrett Kato,9,0.653,0.243,5.0,-15.268,1.0,0.0303,0.884,0.00131,0.118,0.479,105.025,19F9zI5CTg1MZAVMA9EQ5P,143560.0,4.0
2338,Older Guys,Nina Nesbitt,2,0.441,0.381,0.0,-7.803,1.0,0.0316,0.667,0.0,0.176,0.188,129.978,3BP0V8JjEJcuNszJzl85iO,254013.0,4.0
871,Enough to Know You,Nick Wilson,2,0.481,0.339,3.0,-8.639,1.0,0.0319,0.766,0.0,0.163,0.114,145.733,7uifjg1qHYgIoVvshqL2HU,205494.0,4.0
3393,Used To,Dylan Davidson,1,0.702,0.153,3.0,-14.255,0.0,0.24,0.842,0.0,0.119,0.588,154.349,6yD7QocZqkevtMHphtxBci,177789.0,4.0
4076,nobody else,LANY,8,0.569,0.291,0.0,-14.509,1.0,0.043,0.744,0.0,0.137,0.313,151.659,7GLBqDKAJLCLIsj2GEDkSw,197480.0,4.0
3890,fly when i fall,Lewis Watson,25,0.572,0.34,8.0,-10.287,1.0,0.0297,0.213,1.11e-06,0.078,0.206,119.632,1QAGTTs237NByjLsUGJI3f,250388.0,3.0
2573,Radioactive,Imagine Dragons,7,0.448,0.784,9.0,-3.686,1.0,0.0627,0.106,0.000108,0.668,0.236,136.245,4G8gkOterJn0Ywt6uhqbhp,186813.0,4.0
3984,i'll never fall in love with myself (demo),Zeph,17,,,,,,,,,,,,,,
394,Botl,Quinn Lewis,21,0.597,0.42,5.0,-13.234,1.0,0.0325,0.778,1.48e-05,0.0833,0.272,113.143,51c5emEAbxpt0vE1oic0or,184667.0,4.0
923,Fall Apart Too,Katelyn Tarver,1,0.607,0.384,4.0,-6.849,0.0,0.0572,0.201,0.0,0.121,0.132,120.4,1e96M539JnpXXD0GXsNKLd,138415.0,4.0
193,Another's Arms,Euan Allison,6,0.701,0.347,1.0,-10.38,1.0,0.0313,0.795,0.000809,0.112,0.319,117.975,0572jd7IEMXeo2MFmNU0HO,189153.0,4.0
1370,How This Feels,Kaypo,7,0.37,0.275,3.0,-12.724,1.0,0.0379,0.94,0.000177,0.129,0.275,79.867,0KG8ZiyL8IR98u1XtR7aCd,147692.0,5.0
1634,Inside Out,Mokita,3,0.687,0.172,1.0,-11.643,1.0,0.0428,0.786,0.0,0.0985,0.435,131.946,2vnocfBFbXPm4g9gsqquXf,176005.0,4.0
1152,Goodbye,Mimi Webb,6,0.5,0.373,0.0,-6.191,1.0,0.0335,0.602,0.0,0.137,0.158,118.943,5b6enCVP67LsqqrfTs6rxr,184167.0,4.0
3640,Wrecking Ball,Miley Cyrus,1,0.53,0.422,5.0,-6.262,1.0,0.0342,0.407,0.0,0.107,0.349,119.964,2vwlzO0Qp8kfEtzTsCXfyE,221360.0,4.0
1505,I Will Follow You into the Dark,Death Cab for Cutie,1,0.517,0.206,5.0,-12.233,1.0,0.0421,0.924,0.0,0.118,0.489,80.401,3kZC0ZmFWrEHdUCmUqlvgZ,189187.0,4.0
1202,Halloween,Novo Amor,4,0.649,0.467,5.0,-6.589,1.0,0.0304,0.874,1.68e-05,0.114,0.353,106.549,7AkPusgKsrTqbOcTTbRnFr,154773.0,4.0
2321,Oh Love,Delaney Bailey,10,0.535,0.316,8.0,-14.924,1.0,0.0285,0.868,3.27e-05,0.11,0.561,148.064,4sHoInt3cgrylWmAS4WYnU,165600.0,4.0
637,Crocodiles,Cian Ducrot,7,0.546,0.44,7.0,-10.974,0.0,0.0381,0.651,0.0,0.113,0.352,139.48,3S83qk7cILQeQhguBaWi7x,240065.0,4.0
3535,When You Lose Someone,Nina Nesbitt,72,0.527,0.415,3.0,-4.743,1.0,0.0303,0.264,0.0,0.093,0.341,130.005,3ECh9S9MgoL9SrpZFh0Y5Z,200282.0,4.0
328,Better Place,Rachel Platten,7,0.557,0.4,0.0,-8.16,1.0,0.0274,0.914,0.000897,0.107,0.348,100.205,7xbXQeepclfQNqI3mLPb3c,176387.0,4.0
4260,"we're fucked, it's fine",Jeremy Zucker,12,,,,,,,,,,,,,,
3375,Unknown Track,Unknown Artist,45,0.286,0.00631,8.0,-42.724,1.0,0.0282,0.00017,0.0658,0.0615,0.0627,103.36,47FlbrwMWmaaC87mkVbwcZ,56750.0,3.0
929,Falling,Harry Styles,12,0.567,0.267,4.0,-6.502,1.0,0.0299,0.839,1.46e-06,0.089,0.0592,110.011,1ZMiCix7XSAbfAJlEZWMCp,240133.0,4.0
26,17,Julia Michaels,25,0.774,0.466,4.0,-6.869,1.0,0.0433,0.458,0.0,0.111,0.396,97.975,0ND8rF8oirMXtE59n585P6,182800.0,4.0
3585,Wild Enough,Elina,14,0.501,0.229,11.0,-8.081,1.0,0.0728,0.891,0.0,0.148,0.286,80.876,6oynBOei3VDaRYmBghTCOO,186658.0,3.0
3084,Talk To Me,Arielle Soucy,1,0.394,0.14,10.0,-14.739,1.0,0.0365,0.928,0.00169,0.109,0.247,126.622,1IVmzAyiLbxLMaG95Q1S5M,173375.0,3.0
3192,The Night We Met,Lord Huron,11,0.545,0.366,2.0,-9.51,1.0,0.0378,0.969,0.267,0.641,0.1,86.997,0QZ5yyl6B6utIWkxeBDxQN,208212.0,3.0
326,Better On Your Own,Kristiane,2,0.617,0.649,2.0,-8.149,1.0,0.0374,0.319,0.00343,0.0917,0.598,140.913,1Zj4Z2gQP0jgQMqxdi8gcr,143668.0,4.0
1517,I Wouldn't Change a Thing,Westerlight,2,0.496,0.233,10.0,-9.942,1.0,0.0362,0.762,0.0,0.11,0.479,117.196,1OwmT0Qc1DUDjWvO3TVxuI,209624.0,4.0
548,Chosen Last,Sara Kays,4,0.652,0.546,11.0,-6.497,1.0,0.0264,0.666,2.28e-06,0.112,0.264,99.03,5X4tAxxNC5XaSgcIW3xhj7,226847.0,4.0
3787,broken,Jonah Kagen,29,0.501,0.348,1.0,-11.938,1.0,0.0579,0.501,2.18e-06,0.106,0.276,83.527,44siIYlT1dMRQysOVjEvdF,195400.0,4.0
2699,Safe Places (Acoustic),Cassidy King,4,0.378,0.303,4.0,-8.313,1.0,0.0308,0.94,0.0,0.147,0.475,62.539,5sdjy2Qopr2uIRBGZnfJeq,203636.0,4.0
1399,I Believe In A Thing Called Love,Nina Nesbitt,23,0.295,0.172,8.0,-13.212,1.0,0.0434,0.667,0.0,0.0834,0.162,201.519,7nlZZzSAQ4FbrRLHrkA8EL,144467.0,4.0
266,Balloon Boy,Angus Maude,2,0.757,0.286,6.0,-10.781,1.0,0.0628,0.802,0.0,0.106,0.334,120.221,0vJHbbvmmpHUJneB02DO87,162797.0,4.0
1328,Home,Nina Nesbitt,27,0.382,0.136,0.0,-11.042,1.0,0.0332,0.902,0.0,0.106,0.379,91.961,0cyl4jdzXSs8gDXnJubJAR,114320.0,3.0
3195,The Only Exception,Jacob Whitesides,6,0.363,0.298,5.0,-11.74,1.0,0.038,0.861,0.0,0.0864,0.173,111.446,7hx7J8obpi43ydZ0HTSPqC,175389.0,3.0
2748,Secret,Rose Betts,7,0.471,0.0893,11.0,-14.999,0.0,0.0415,0.978,0.000164,0.36,0.35,119.27,6Y7lF3CxhpNdymbGoULFTZ,82000.0,4.0
3854,didn't you believe in me?,Philip Brooks,3,,,,,,,,,,,,,,
2006,Make Us Never Happen,shy martin,6,0.61,0.489,10.0,-8.541,0.0,0.127,0.308,0.0,0.165,0.331,105.016,03ARE7xKtbCVV2GE5j0IWq,171890.0,4.0
573,Codependent,Sophie Holohan,37,0.345,0.25,8.0,-8.763,1.0,0.0398,0.718,0.0,0.116,0.124,197.81,1RXysmMeZ1jvYgkpkCyYfi,199829.0,4.0
3129,The Art Of Getting By,Laura Zocca,6,0.536,0.189,11.0,-12.245,1.0,0.0301,0.831,0.0,0.117,0.341,80.346,43rWni1MoV8PKPDGjx3cN7,219934.0,4.0
3338,Tuesdays,Jake Scott,7,0.473,0.217,4.0,-10.739,1.0,0.0367,0.63,0.0,0.142,0.628,164.02,7r5cRFkwHuPy7HlzvuovLD,216989.0,4.0
2398,Out Of Love with You,Avery Lynch,18,0.643,0.219,8.0,-9.932,1.0,0.0379,0.935,2.07e-05,0.0899,0.266,140.071,79xgL4d3ZTb6qiBfDnSnOF,220286.0,3.0
2064,Medicine,Havelin,12,0.487,0.537,7.0,-11.121,1.0,0.0291,0.374,2.27e-05,0.0825,0.459,149.98,1CZNFvZ2Dk7CoLCc5bTM1G,224437.0,4.0
2209,Never the 1,ROSIE,13,0.666,0.265,1.0,-12.129,1.0,0.166,0.907,0.0,0.123,0.332,85.335,3CvfUOkWsfTr7ZIjl6D9Uk,171960.0,4.0
1798,Let Her Go,Passenger,5,0.479,0.545,7.0,-7.346,1.0,0.0688,0.365,0.0,0.0963,0.243,74.897,1KxwZYyzWNyZSRyErj2ojT,252733.0,4.0
117,Alignments,Paige,1,0.528,0.255,2.0,-11.43,1.0,0.0288,0.895,0.00292,0.102,0.35,98.21,4tWTbyWplWyzFSdr8eji30,154408.0,4.0
499,Can't Wait To Be Pretty - Demo,Cate,21,,,,,,,,,,,,,,
145,All of Me,John Legend,8,0.422,0.264,8.0,-7.064,1.0,0.0322,0.922,0.0,0.132,0.331,119.93,3U4isOIWM3VvDubwSI3y7a,269560.0,4.0
2744,Second Chances,Gregory Alan Isakov,1,0.381,0.325,4.0,-9.972,1.0,0.0305,0.947,0.0925,0.113,0.208,154.198,6Wu19AEKVNs5bJFuhZb4EZ,229227.0,3.0
1349,Hopelessness Has Done Nothing for Me,Johanna Warren,1,0.636,0.236,8.0,-12.71,0.0,0.0272,0.91,0.000277,0.106,0.425,81.938,68fu01WBd1maVHWnNNh90p,196406.0,4.0
2127,Mother May I,Sophia Viggiano,1,0.43,0.317,4.0,-9.37,1.0,0.0248,0.631,1.48e-05,0.1,0.297,82.92,59fFQA8Q9GKK5heQ6uKfZ5,164715.0,4.0
3935,hideous,mehro,1,0.637,0.53,4.0,-7.53,1.0,0.0301,0.529,0.0144,0.109,0.363,87.034,0c0uFehhA1ekbQmqZ0HKeb,193803.0,4.0
1074,Funeral,Phoebe Bridgers,4,0.218,0.263,11.0,-14.416,1.0,0.0376,0.947,0.00028,0.0919,0.307,170.724,3rJDsZjIaCfJQSqRUvl0BM,232373.0,4.0
1702,Just Because,Sadie Jean,7,0.544,0.629,3.0,-7.8,1.0,0.171,0.742,0.000203,0.145,0.453,90.327,6sy0CvtlBXtXDd6yTW0koJ,132097.0,4.0
3309,Together Forever,Nina Nesbitt,23,0.643,0.237,0.0,-12.16,1.0,0.0398,0.765,0.0,0.0766,0.334,104.998,1SJpIDrH94zG6kQssti5hv,152730.0,4.0
1003,Flowers,James Spaite,10,0.515,0.529,2.0,-11.268,1.0,0.0416,0.426,2.98e-05,0.101,0.253,125.063,3XeB68OvpRbeUDFNgaOTpm,149957.0,4.0
346,Bite The Hand,boygenius,1,0.543,0.507,10.0,-8.119,1.0,0.0269,0.374,0.0343,0.11,0.193,100.13,03h0ioes0mfaZIeAO1fV5o,192071.0,4.0
1244,Hazel Eyes,Farmer's Son,5,0.619,0.182,7.0,-17.936,1.0,0.136,0.826,0.00261,0.11,0.383,135.184,0eQO3k0qrUynKabFN9bmmx,226302.0,5.0
720,Devil Swear I've Seen,Mon RovÎa,1,0.513,0.424,4.0,-12.984,0.0,0.029,0.922,0.000313,0.0834,0.219,145.969,3ok9CGQsNMHRNgHeMH56mP,219452.0,4.0
4013,jackie,Anya Gupta,2,0.6,0.508,5.0,-9.906,1.0,0.136,0.818,0.000441,0.0843,0.537,92.98,5gmszQA3QQASFTpGXMFcPz,202004.0,4.0
2732,Scared to Be Happy,Navvy,21,0.41,0.476,7.0,-7.382,1.0,0.076,0.312,0.0,0.111,0.206,73.315,65iJBVVAcYGNeTnpFU8T09,157323.0,4.0
3805,can I call you back?,shy martin,58,0.647,0.319,9.0,-9.987,1.0,0.0367,0.827,0.0,0.133,0.267,126.243,3bWubl9oMzs5Z1n5KZXSSz,153059.0,4.0
880,Even When You're Home,Ben Kessler,28,0.561,0.467,1.0,-7.706,0.0,0.0637,0.108,3.25e-06,0.11,0.295,71.571,53QtJlMeBvJ5NXnUMtJnI8,211000.0,4.0
3884,familiar stranger,Lexie Carroll,3,0.692,0.445,1.0,-11.324,1.0,0.0792,0.789,0.000152,0.113,0.417,92.049,0a9lpF05qw91yDkcrZidlO,222360.0,4.0
2298,Nothing's the Same,Alexander 23,2,0.736,0.308,11.0,-11.543,1.0,0.0421,0.492,0.00248,0.179,0.439,132.767,3vSLSOhE8HWBC2WiN0j0hD,175135.0,4.0
3545,Where Are You?,Sara Kays,10,0.636,0.244,0.0,-10.799,1.0,0.0307,0.975,0.00601,0.0951,0.312,90.687,5GciaHmu1L9MVjV7wfHCUk,132048.0,4.0
3891,for life,Zachary Knowles,13,0.704,0.295,6.0,-11.083,1.0,0.0387,0.716,1.56e-05,0.133,0.427,130.011,3wD5R5grD04FKW0zsBuiKy,211677.0,4.0
1359,How,Elina,73,0.502,0.127,1.0,-13.642,1.0,0.0587,0.931,0.0,0.122,0.485,77.198,1M2HXn0iXRD7KDJqtdGARb,143704.0,4.0
505,Carolina,Paper Compass,3,0.379,0.175,0.0,-16.483,1.0,0.0367,0.931,0.863,0.0856,0.188,79.153,5JNJzPQgMEL0GqnM2IAfsm,213395.0,4.0
997,Flight Risk,Tommy Lefroy,38,0.348,0.165,6.0,-6.816,1.0,0.0439,0.418,0.0,0.162,0.109,47.971,0kAsY8KaG5sM6uwAEt3qyg,59027.0,4.0
1794,Lego Bricks,Euan Allison,16,0.579,0.319,9.0,-10.733,1.0,0.0318,0.893,0.0,0.1,0.25,82.484,0uyLUclfkxDjO1o7OR3Ckd,235818.0,3.0
3605,Wish It Would Rain,Londin Thompson,5,0.689,0.324,4.0,-10.13,1.0,0.088,0.967,0.0,0.0961,0.321,107.958,5VCuTKNg2x7w6ZtFKfCORJ,226917.0,4.0
3781,blue bird,Zachary Knowles,26,0.597,0.266,3.0,-8.973,1.0,0.028,0.805,0.0,0.128,0.352,129.981,6mvjHs3ARC10teeMFZ4kh5,221077.0,4.0
29,1953,The National Parks,10,0.562,0.237,4.0,-10.731,1.0,0.0333,0.773,3.05e-06,0.334,0.213,120.022,7BTaxfAMVLGSyvL8azJs4G,219906.0,4.0
2134,Mountaineer,Arliston,7,0.335,0.315,3.0,-14.236,1.0,0.0314,0.909,0.00242,0.173,0.143,105.863,6qgiIu9Up7oDWfQnaajvy3,221875.0,4.0
1745,Knock The Wind,Dizzy,1,0.622,0.227,2.0,-12.585,1.0,0.0341,0.791,2.62e-05,0.109,0.442,144.778,72elIQIbmE6rLBvXXsknK5,165720.0,4.0
979,Finish Line,Delaney Bailey,36,0.488,0.175,2.0,-16.332,1.0,0.0334,0.655,0.0111,0.33,0.192,109.192,03ZKxhlHbEK1L6xZHUEd5l,158049.0,5.0
1433,I Don't Need You To Survive,Delaney Bailey,36,0.386,0.138,3.0,-14.725,0.0,0.046,0.93,2.4e-06,0.297,0.416,109.346,5xBe1lhYyqrdYmxz1TPhTE,127567.0,3.0
4086,ocean eyes,Billie Eilish,2,0.475,0.37,4.0,-7.725,0.0,0.0361,0.819,0.0577,0.0841,0.157,144.828,2uIX8YMNjGMD7441kqyyNU,200560.0,4.0
1364,How Do I Tell You?,Lizzy McAlpine,53,0.551,0.162,7.0,-13.746,1.0,0.0623,0.921,2.49e-06,0.141,0.158,165.422,3s08bSH1iMzwpbt3EgF97W,186867.0,4.0
2189,Need You Now - Acoustic,Dean Lewis,18,0.601,0.317,10.0,-8.945,1.0,0.0497,0.911,0.0,0.181,0.381,137.95,1MIpU2U1kUInGTpaCYuVKs,203263.0,4.0
3056,Sweet Connection,Jessica Ricca,26,0.313,0.0643,7.0,-19.556,1.0,0.0568,0.988,0.00101,0.3,0.214,167.171,5wQOqmOsCZpwW0MRrIVF1H,200673.0,4.0
1525,I'd Have to Think About It,Leith Ross,20,,,,,,,,,,,,,,
4203,the first one,carobae,41,0.739,0.399,1.0,-10.057,1.0,0.0556,0.803,0.0,0.162,0.489,104.009,5X8DWoEdCncXB5FcezQOE6,167867.0,4.0
4161,so much more than me,Annika Bennett,5,0.36,0.311,6.0,-10.01,1.0,0.0358,0.808,0.0,0.17,0.398,89.711,6k6oLo408zUNmrZLydLArZ,186864.0,4.0
1088,Gets Better,Catie Turner,5,0.711,0.371,1.0,-7.552,1.0,0.0426,0.449,0.0,0.119,0.283,61.537,3BUJoae7vqMVMay5GDLDdH,180055.0,4.0
1294,Hey There Delilah,Plain White T's,21,0.656,0.291,2.0,-10.572,1.0,0.0293,0.872,0.0,0.114,0.298,103.971,4RCWB3V8V0dignt99LZ8vH,232533.0,4.0
1228,Harsh,Eleni Drake,14,0.748,0.427,4.0,-9.49,1.0,0.0377,0.865,0.00452,0.137,0.443,118.037,5dZviWBtcGM8Ilr5MAisNz,134237.0,4.0
170,Always Almost,Rosie Darling,19,0.383,0.372,0.0,-8.453,1.0,0.0816,0.722,0.0,0.171,0.325,166.944,35FwQrg7thq6kjrHL01QiJ,202053.0,3.0
2627,Rhythm Inside - Acoustic,Calum Scott,1,0.714,0.404,2.0,-5.205,0.0,0.0352,0.864,0.0,0.117,0.251,120.376,5JOxwrZEbtvg19Y1JDbyI9,212171.0,4.0
2089,Mirage,Elina,38,0.515,0.251,6.0,-11.646,0.0,0.0851,0.794,0.0,0.139,0.221,117.139,1emAqEEKHGpdFx6H2YJTiG,164898.0,4.0
212,Are You Alright?,Ulrik Munther,3,0.385,0.0596,7.0,-22.701,1.0,0.0441,0.96,0.0491,0.276,0.318,58.568,5Gi9PNrnsQHCnI5EYelkIG,280000.0,4.0
1189,Half In Love,Erin Kirby,7,,,,,,,,,,,,,,
3938,hit the dirt,gavn!,3,0.44,0.369,2.0,-10.205,1.0,0.0423,0.385,0.0,0.145,0.531,103.991,57cAiaSBKidKHqBC1FePPn,138462.0,4.0
1037,Forget I Exist,Sam MacPherson,51,0.662,0.399,7.0,-8.933,1.0,0.0314,0.491,2.4e-05,0.127,0.265,96.05,54q7FLhWb9FEObFBziNRTq,172627.0,4.0
642,Crumble,Jeremiah Daly,5,0.587,0.174,4.0,-12.803,1.0,0.0304,0.798,8.21e-05,0.111,0.166,114.053,48HzQ7X72qT0VB7Slgwwuf,220840.0,3.0
2059,Meant To Be,Ashaine White,3,0.34,0.0962,7.0,-15.619,1.0,0.0348,0.949,6.51e-06,0.0948,0.213,154.696,7HDoHeBjcNz3hpspK4WiwH,165000.0,3.0
4251,wait it out,shy martin,16,0.36,0.378,9.0,-6.391,1.0,0.0387,0.642,0.0,0.132,0.246,172.693,793pY16A2YqBrsmdyagExY,153906.0,3.0
1039,Forgetting Delaney,Delaney Bailey,8,0.487,0.33,7.0,-11.501,0.0,0.0266,0.463,0.000224,0.0817,0.321,93.946,01YcHuIQmLIt5bchtVtViv,152227.0,4.0
2920,Soul Mate,flora cash,1,0.44,0.376,1.0,-11.798,1.0,0.0337,0.764,0.00169,0.118,0.309,97.778,4IOXp1xFiMh5FtSEGim4CO,237781.0,4.0
3345,Twenty Two,Melissa Wasserman,1,0.432,0.285,3.0,-8.908,1.0,0.0297,0.833,0.0,0.111,0.102,119.931,4gaQUk6dyswxy2aqkkqSiI,240274.0,4.0
1033,Forever Love,Brothers + Company,10,0.438,0.648,4.0,-7.314,1.0,0.0317,0.069,0.0,0.153,0.139,92.013,1Tstz6KHdiwv1xD5AeXHln,223652.0,4.0
3189,The Moon Song,Walker Burroughs,4,0.456,0.138,5.0,-15.506,1.0,0.0326,0.934,3.19e-06,0.101,0.152,106.162,5qxRki0aMjtFXl6kgZGPrc,287714.0,5.0
1540,I'll Stay (Carla's Song),Matt Stinton,10,,,,,,,,,,,,,,
2730,Say You Won't Let Go,James Arthur,8,0.358,0.557,10.0,-7.398,1.0,0.059,0.695,0.0,0.0902,0.494,85.043,5uCax9HTNlzGybIStD3vDh,211467.0,4.0
2283,Nothing / Sad N Stuff,Lizzy McAlpine,12,0.328,0.158,4.0,-12.174,1.0,0.032,0.766,7.69e-06,0.121,0.192,72.959,1vqD0LaPZ3mgjRA7OUeXtf,267053.0,4.0
403,Boys Like You,dodie,1,0.74,0.395,11.0,-11.24,0.0,0.347,0.916,5.05e-05,0.102,0.61,127.086,73yR3kAdE531RRYUdFLWad,180826.0,4.0
3670,You Are Gold,The National Parks,4,0.43,0.134,8.0,-13.504,1.0,0.0311,0.873,0.000349,0.113,0.163,107.92,4ZnEY01lDD6wkuzAUPppx3,216653.0,4.0
180,Anchor,Novo Amor,20,0.457,0.407,9.0,-11.475,1.0,0.0308,0.805,0.884,0.126,0.126,117.053,7qH9Z4dJEN0l9bidizW7fq,257533.0,4.0
2528,Polaroid,Imagine Dragons,1,0.424,0.603,1.0,-6.832,1.0,0.0495,0.514,1.84e-06,0.238,0.258,155.319,6Ng999MKVY9ikd8FtGaNnz,230013.0,4.0
2949,State Lines,Novo Amor,29,0.509,0.31,9.0,-10.623,1.0,0.0313,0.959,0.229,0.0963,0.151,137.474,7CoMBpPTwQi2wPT0U0Nr9b,208653.0,3.0
74,A Little More,Rosemary Joaquin,7,0.45,0.472,11.0,-9.873,1.0,0.0542,0.593,0.0,0.106,0.264,154.042,4lpSTtB0UwlzFMLXGt9Ew4,183701.0,4.0
2143,Mr. Brightside,The Killers,11,0.352,0.911,1.0,-5.23,1.0,0.0747,0.00121,0.0,0.0995,0.236,148.033,003vvx7Niy0yvhvHt4a68B,222973.0,4.0
2791,Shoot,Tommy Lefroy,27,0.361,0.172,7.0,-15.245,1.0,0.0356,0.874,0.168,0.132,0.15,177.118,6xLf6gcZR4CPXrFrhzqqYu,157801.0,3.0
792,Doomsday,Matilda Mann,36,0.561,0.393,6.0,-10.728,1.0,0.0369,0.867,0.0,0.121,0.166,121.792,5jxjLdZXCqZlAOCC1OHOmc,189507.0,4.0
2990,Stormy Weather,Ed Whicher,12,0.713,0.444,1.0,-9.824,1.0,0.121,0.554,0.0,0.313,0.589,87.83,7M5dDVwoizHbP4jzgps0Fp,197727.0,4.0
1623,In a Stranger's Arms,LÉON,16,0.497,0.433,9.0,-7.521,1.0,0.0278,0.377,0.0,0.099,0.357,97.856,00K0B8nvfmTif7poYsk378,201391.0,4.0
4063,my fault,Zeph,14,0.589,0.311,7.0,-14.268,1.0,0.0397,0.909,0.0,0.145,0.438,138.165,46nXKRBeHUxVFvyxkcGPWF,60881.0,4.0
632,Crave,Nicolina,1,0.434,0.428,2.0,-8.884,1.0,0.037,0.851,0.0,0.0732,0.364,71.721,6wtWiBgbCIqb55Mp6Ot0cY,209320.0,4.0
1452,I Knew,Lizzy McAlpine,34,0.38,0.238,2.0,-13.212,1.0,0.05,0.898,1.34e-05,0.103,0.328,56.436,2A1HiGqQd4KNEyiE994v55,194840.0,4.0
530,Changing Tides,Olivia Coggan,2,0.53,0.378,8.0,-9.752,0.0,0.0273,0.507,0.000685,0.277,0.373,139.906,3dxKWhvxi5QGtLhBmDNuce,247461.0,4.0
3993,idk,Haley Joelle,35,0.526,0.269,4.0,-7.828,1.0,0.0288,0.732,0.0,0.11,0.265,102.359,2HNbvHCoekdIiRWjhoZ9eQ,210747.0,4.0
3815,ceilings - Spotify Singles,Lizzy McAlpine,4,0.334,0.156,9.0,-13.677,1.0,0.0365,0.922,3.56e-05,0.118,0.0894,84.629,3SQxzzu41bjlCGGDCb83JY,164587.0,4.0
1111,Giving Up Ground,Chelsea Cutler,1,0.614,0.234,1.0,-10.111,0.0,0.0512,0.969,0.00115,0.109,0.326,149.581,1ZbAH4omZZb5KxVnHRQkAe,182241.0,4.0
2852,Slow Fade,Ruth B.,6,0.725,0.313,2.0,-10.201,1.0,0.0497,0.769,0.000901,0.0659,0.394,80.011,3wnUCt4sWnK0C0XGQGHKo7,211600.0,4.0
3596,Winter Song,Ingrid Michaelson,1,0.573,0.138,1.0,-14.238,1.0,0.036,0.964,3.41e-05,0.133,0.23,81.14,3dSKTUE46UbfYaEjDWhiCg,267267.0,5.0
2377,Opaline,Novo Amor,13,0.367,0.337,1.0,-9.857,1.0,0.0326,0.955,0.117,0.0869,0.283,181.868,732Zsh1L5ixRNgAmiPyvrp,192040.0,4.0
2250,No More Bad Days,This Wild Life,2,0.548,0.322,7.0,-8.425,1.0,0.0309,0.695,0.0,0.161,0.574,130.922,6P5aQRuHdeQqqfFOU74JsB,216183.0,4.0
414,Break With Me,shy martin,21,0.612,0.203,5.0,-10.313,1.0,0.0345,0.737,0.0,0.124,0.172,138.084,28ISI9ACJ3Z3tQ7rQehHlZ,155570.0,4.0
3895,forget me // so we can meet again,Kieran McKenzie Clark,5,0.627,0.248,8.0,-12.192,1.0,0.0586,0.924,0.13,0.103,0.143,119.976,2DJy5Sg2ZUbp1TGojF5l22,178000.0,4.0
3910,gold star,quinnie,3,0.622,0.225,10.0,-13.555,0.0,0.0486,0.665,1.35e-06,0.0729,0.198,79.672,6qAG3LODdPgAjFRAJpESgE,190189.0,4.0
1438,I Don't Want to Lose You,Luca Fogale,14,0.462,0.318,11.0,-10.438,1.0,0.037,0.5,0.0,0.11,0.325,137.486,5ACkbnySkKbqxtHHa6xA7G,171014.0,4.0
1485,I Should Be a Bird,Nina Nesbitt,20,0.54,0.324,4.0,-7.442,0.0,0.034,0.773,0.0,0.115,0.448,155.494,0ZRZeLNAKPHBwkalUqW1xz,239707.0,4.0
3171,The Human Condition,Chelsea Cutler,4,0.671,0.52,3.0,-7.526,1.0,0.0976,0.108,2.44e-05,0.112,0.503,112.915,1XOIlQ9kGQBKwRwZ7fpV33,150520.0,5.0
3853,denial,Julius,1,0.557,0.423,10.0,-9.428,1.0,0.0327,0.879,0.463,0.133,0.35,140.044,3oghui7Ve9ebuiUFKurqw5,140347.0,4.0
3424,Walk Above the City,The Paper Kites,13,0.686,0.245,0.0,-17.604,1.0,0.0272,0.862,0.534,0.109,0.286,99.012,2i7sd9qKptLrkXLkwAOX15,240171.0,4.0
2769,Seventeen,Tors,3,0.479,0.323,2.0,-9.774,1.0,0.0313,0.869,0.0,0.147,0.248,80.341,2WbD9StPRAIOT5TsIb9ZO6,204375.0,4.0
370,Blue,Elina,28,0.622,0.144,1.0,-14.863,1.0,0.0361,0.783,5.56e-05,0.109,0.0619,115.844,65HsXWtHGIMXJE9YB7CvZA,191953.0,4.0
723,Dial Drunk (with Post Malone),Noah Kahan,1,0.667,0.613,8.0,-7.147,1.0,0.0313,0.121,0.0,0.113,0.681,112.046,22VHOlVYBqytsrAqV8yXBK,213817.0,4.0
3903,getting older,BLÜ EYES,2,0.575,0.44,2.0,-8.235,1.0,0.0449,0.847,0.0,0.613,0.786,153.943,3e9Z0TBZPg21jOHnufb2jL,166215.0,4.0
2615,Renee's Song,Bazzi,3,0.593,0.229,9.0,-8.888,1.0,0.0307,0.794,0.0,0.167,0.42,117.823,13iMiwdY7pgE1f7NwYKr1D,130546.0,4.0
42,2AM,Adeline Hill,1,0.522,0.434,2.0,-8.314,1.0,0.0252,0.532,1.91e-06,0.115,0.154,85.047,1nUOKtH8VrTClGOQg9OkRN,292131.0,4.0
457,By My Side,The Paper Kites,6,0.463,0.11,11.0,-17.162,1.0,0.0311,0.93,0.123,0.111,0.219,69.085,3s52KIJZ4QwqQndKroBabJ,255792.0,3.0
2873,Soft Spot,Ellen Winter,1,0.711,0.184,10.0,-14.637,1.0,0.0568,0.921,0.000579,0.268,0.133,118.006,7gzLmt1UtQ0r4STWnWHzOZ,155933.0,4.0
23,16,Baby Keem,1,0.701,0.782,1.0,-4.987,1.0,0.138,0.0918,2.31e-06,0.124,0.57,94.03,1Is8hGpkGMiePASAxBluxM,156040.0,4.0
716,Desperate,Jonas Blue,2,0.767,0.683,0.0,-4.643,1.0,0.0816,0.0256,0.0,0.0808,0.698,120.033,4nfuvV34THjGorJHAiijkw,174067.0,4.0
2339,Older Than I Am,Lennon Stella,38,0.44,0.306,9.0,-8.947,1.0,0.0363,0.891,0.0,0.103,0.201,117.288,15VDHAMS4JCLziCjNkmQl1,181533.0,4.0
2992,Story of My Life,One Direction,11,0.6,0.663,3.0,-5.802,1.0,0.0477,0.225,0.0,0.119,0.286,121.07,4nVBt6MZDDP6tRVdQTgxJg,245493.0,4.0
2833,Skyscraper,Demi Lovato,10,0.573,0.581,7.0,-3.325,1.0,0.0276,0.148,0.0,0.128,0.188,103.82,4B3RmT3cGvh8By3WY9pbIx,221293.0,4.0
988,Fish,Billie Marten,3,0.564,0.0205,0.0,-23.581,1.0,0.0425,0.978,0.00253,0.127,0.244,110.318,2gY41oEjmOlrCLcJPjg8W1,146571.0,3.0
3125,That's Us,Anson Seabra,9,0.621,0.108,10.0,-15.399,1.0,0.0493,0.968,1.67e-05,0.137,0.204,129.285,7sTDqaGUr9NM8NHQ5SNHi1,270462.0,4.0
1029,Forever Ago,Woodlock,2,0.428,0.198,9.0,-16.982,1.0,0.0355,0.924,0.0706,0.0786,0.0731,81.987,0NguBFv2WhLthidaTnMoV7,282747.0,4.0
3274,Through to You,Glades,1,0.709,0.24,5.0,-9.307,1.0,0.0306,0.683,0.0,0.0985,0.135,134.944,22VCdnULqMOl7J9VOB3YTk,205627.0,4.0
2817,Simple Things (feat. Christina Perri),Alexander Cardinale,8,0.653,0.731,0.0,-6.156,1.0,0.0372,0.227,0.0,0.461,0.458,111.973,5r0SIoi8bnhHybW3ykNHts,187508.0,4.0
3744,all i need (the distance song),Avery Lynch,16,0.651,0.119,8.0,-16.58,1.0,0.0401,0.976,0.0,0.163,0.373,97.039,1ZYjhvNnxN6sk6f0SMLcR9,244390.0,4.0
2849,Slow,shy martin,55,0.636,0.243,2.0,-9.509,1.0,0.04,0.815,0.0,0.111,0.239,142.016,1Ia95g66IhlAJ3qVI4qI8W,163547.0,4.0
2429,Paint,The Paper Kites,37,0.364,0.308,4.0,-13.052,1.0,0.0402,0.895,0.0023,0.123,0.387,73.328,6uHvbKL0Yi37AuvNRmUfMw,191773.0,4.0
415,Break up Slow Dance,Delacey,2,0.413,0.416,4.0,-9.021,1.0,0.0482,0.402,5.74e-05,0.11,0.386,64.856,2IhlPpsXgiacDJkcq03BHh,211442.0,4.0
1137,Good,Sleeping Lion,10,0.624,0.36,9.0,-9.96,1.0,0.0542,0.614,4.51e-05,0.182,0.389,70.981,7zieRBoESfrNfFUxZmwGfW,169406.0,4.0
1048,Free,Elina,44,0.627,0.213,10.0,-12.634,1.0,0.0349,0.877,0.0,0.204,0.18,92.054,3hOWsTM9OpI6c72iQHP4EB,199463.0,4.0
1646,Is It Really Me You're Missing,Nina Nesbitt,15,0.535,0.297,6.0,-6.043,1.0,0.0665,0.653,0.0,0.118,0.0492,147.569,2lgyZWQSJWmswrLJyM27kB,232800.0,4.0
3879,everything everywhere always,elijah woods,9,0.402,0.38,6.0,-10.233,1.0,0.045,0.746,2.58e-06,0.272,0.187,143.632,1sd2HaV5RYWN8ly7htaElN,147847.0,5.0
2726,Say Less,Rosie Darling,29,0.623,0.389,10.0,-9.317,1.0,0.0376,0.582,1.88e-06,0.19,0.182,128.12,4BoWM5jPzcJQTOehHM6rd4,96653.0,4.0
3513,Whatever Makes You Want to Die Less,I Am Strikes,2,0.686,0.547,1.0,-6.941,1.0,0.0454,0.0464,3.74e-06,0.0912,0.154,138.042,3wRHET8bS0cLOgKrXNIAou,244147.0,4.0
2453,Part of Me,carobae,12,0.669,0.468,1.0,-6.77,0.0,0.0595,0.801,1.37e-06,0.38,0.548,141.906,1zGHZsk60xdzuaFbF5pTtK,182053.0,4.0
2060,Meant To Be,Ber,61,0.5,0.156,1.0,-11.472,1.0,0.0469,0.87,0.0,0.125,0.405,173.794,0wxGIpOZbDR4RGy1sh3XhR,163227.0,4.0
920,Faith You Might,Kevin Garrett,10,0.516,0.459,2.0,-12.208,1.0,0.0567,0.729,0.259,0.0925,0.616,149.735,7MmaUyUT4BZ34h0efprslf,252187.0,4.0
3154,The Former,Steinza,1,0.353,0.195,0.0,-13.403,1.0,0.0294,0.601,0.0,0.226,0.164,78.233,6CNKcu9SBPWKMkBvMkPRBT,157500.0,1.0
1201,Hallelujah I Love Her So,Laura Zocca,5,0.477,0.0994,11.0,-15.25,1.0,0.0409,0.951,0.0,0.116,0.119,126.975,4Fuyarf5fHo2zJ6GoYC48N,163414.0,4.0
110,Air So Sweet,dodie,14,0.314,0.069,0.0,-18.693,1.0,0.0412,0.986,0.0178,0.0877,0.439,169.681,60CueJX9vAclyPm2229I2d,65300.0,4.0
811,Drop Dead,Holly Humberstone,4,0.577,0.393,0.0,-7.322,1.0,0.038,0.586,0.000181,0.0927,0.132,89.858,3i4CFXy3ezQZEt8V0GA7Uh,177162.0,4.0
4077,nobody likes a secret,Lizzy McAlpine,32,0.678,0.0955,3.0,-16.151,1.0,0.055,0.873,4.97e-05,0.115,0.298,61.347,7lLFkJIGJqdz3Oe6XmiYKV,108778.0,3.0
4122,putting a spin on sweater weather,Egg,2,0.312,0.0633,10.0,-21.593,1.0,0.0685,0.992,0.00665,0.0926,0.117,75.48,1WBInECBaOJMhYmxWkz510,202105.0,4.0
3960,i don't want to watch the world end with someone else,Clinton Kane,16,0.535,0.359,2.0,-9.343,1.0,0.0607,0.771,0.0,0.111,0.488,154.163,58qX77t2VWMWcycsh9zKLc,184505.0,4.0
1554,I'm So Happy - Mahogany Session,Emily Burns,1,,,,,,,,,,,,,,
71,A Little Bit Yours,JP Saxe,20,0.603,0.297,1.0,-8.525,1.0,0.0275,0.77,0.0,0.107,0.29,86.95,1vjQHBoJWpQ3rAPRDVjrxA,228387.0,4.0
4005,is your bedroom ceiling bored? (feat. Cavetown),Sody,2,0.616,0.45,6.0,-9.832,1.0,0.114,0.529,1.58e-06,0.0926,0.195,123.851,3ehrCQoouv7NW8LRgcMvRF,207510.0,4.0
1803,Let Light Be Light,Lizzy McAlpine,23,0.499,0.207,11.0,-11.995,1.0,0.0434,0.877,0.0,0.11,0.445,67.414,5ao5BeXUi0FRKoP58rsUXB,180483.0,4.0
4185,swan song,Victoria Canal,7,0.198,0.112,1.0,-16.709,1.0,0.036,0.948,0.00437,0.109,0.181,81.109,3eCTgpPO5JpBtlmGBbxIV0,220620.0,4.0
4166,sometimes,Chelsea Cutler,25,0.466,0.127,2.0,-15.047,1.0,0.042,0.889,0.00325,0.326,0.146,168.521,2MvpHgDzl7skp1xowjCDiG,276080.0,3.0
3755,"always, i'll care",Jeremy Zucker,29,0.732,0.221,6.0,-12.623,1.0,0.056,0.897,2.62e-05,0.11,0.677,105.165,0rbKrBvZUYY9GN9l057BuY,146160.0,4.0
1270,Heavy,Rosie Darling,15,0.72,0.397,10.0,-7.781,1.0,0.0423,0.392,1.03e-06,0.112,0.336,97.02,4SqnKBddxl9CKjSDDlV1c4,166587.0,4.0
1618,In What World,Lizzy McAlpine,16,0.486,0.0517,0.0,-17.231,1.0,0.0512,0.967,1.66e-06,0.104,0.122,80.091,2zG6jWvzlPnYNp2XPkeVhs,204075.0,1.0
3746,all my ghosts,Lizzy McAlpine,24,0.638,0.293,3.0,-11.703,1.0,0.0478,0.342,0.000624,0.448,0.488,155.083,46BHP7nFOrGQPLW8mCxzZr,197032.0,4.0
776,Don't Let the Sun Catch You Crying (Main) - Mono,Gerry & The Pacemakers,1,,,,,,,,,,,,,,
2386,Ordinary People,Blake Rose,51,0.363,0.12,7.0,-11.662,1.0,0.0358,0.899,2.34e-05,0.162,0.176,71.023,3y8PDnOgyPXasEnEoYKXwb,253597.0,4.0
4060,mountain,Philip Brooks,2,0.407,0.142,0.0,-17.442,1.0,0.037,0.958,0.000136,0.119,0.163,118.784,2sCwJMWYjnRjHAJqFKjYOu,186750.0,3.0
3015,Stupid,Lizzy McAlpine,10,0.403,0.0955,1.0,-16.41,1.0,0.0433,0.926,6.58e-06,0.236,0.29,81.97,4J7JZr3LfTC96SLjbpIyDe,222000.0,4.0
2652,Rockland,Gracie Abrams,17,0.568,0.402,5.0,-11.344,1.0,0.0448,0.787,0.000188,0.103,0.397,125.743,5V03tsbEzYG0PmRrh3K4rF,217369.0,4.0
4269,what if it's not,Jackson Guthy,18,0.382,0.43,0.0,-7.251,0.0,0.068,0.765,0.0,0.0893,0.442,169.765,6DhWEW0TXBsLZzSllaCfi7,182471.0,4.0
3250,Thinking 'Bout Love,Wild Rivers,12,0.733,0.324,5.0,-8.122,1.0,0.033,0.479,0.0,0.067,0.388,141.8,42UaitnwvuKqNcD5Oa2HlD,199391.0,4.0
3016,Stupid Deep - Acoustic,Jon Bellion,8,0.248,0.265,2.0,-7.812,1.0,0.0345,0.758,0.0,0.091,0.266,166.838,23LIOXAz6QSzgPYH4dmZL7,159594.0,4.0
1520,I don't mind if you don't mind (draft),Elina,13,0.499,0.186,8.0,-11.792,1.0,0.0421,0.971,0.000324,0.127,0.343,113.958,1LjSLMjMAZj6zvW6XLLzzr,138220.0,4.0
1268,Heather,Conan Gray,6,0.357,0.425,5.0,-7.301,1.0,0.0333,0.584,0.0,0.322,0.27,102.078,4xqrdfXkTW4T0RauPLv3WA,198040.0,3.0
3552,Where's My Love - Acoustic,SYML,22,0.554,0.225,3.0,-11.324,1.0,0.0281,0.892,0.0321,0.107,0.221,104.007,0ElpbbncWT9aS7mgoqEHbQ,239880.0,4.0
3804,called you again,Lizzy McAlpine,37,0.484,0.306,7.0,-10.36,1.0,0.0471,0.797,0.000309,0.116,0.482,129.201,6JHwXVyjq2SYY7mVqgpTDj,192757.0,4.0
3957,i don't miss u,carobae,46,0.383,0.292,3.0,-7.621,1.0,0.105,0.855,0.0,0.117,0.0767,76.347,1Ui5h8uVd1Mbzw0xD9QOjh,178896.0,1.0
2137,Moves,Suki Waterhouse,1,0.574,0.44,0.0,-8.274,1.0,0.024,0.579,0.0,0.348,0.365,84.992,6TT7B4MigCJCc0tqKYEpZC,193032.0,4.0
2088,Minute Of Your Love,Ed Patrick,5,0.51,0.106,5.0,-17.966,1.0,0.0439,0.913,0.0457,0.109,0.359,131.578,63uWX9R9I8NA4RcPMxh38V,136860.0,5.0
3525,When It Kills Me,Emilee Moore,2,0.342,0.26,11.0,-7.643,0.0,0.0295,0.746,0.0,0.114,0.102,106.238,7heSG5oy44Si0bc8toOsYX,221839.0,5.0
3050,Swan Upon Leda,Hozier,1,0.351,0.41,2.0,-8.66,1.0,0.0327,0.494,0.44,0.131,0.129,125.995,3JtVtwLYCy9WXcHLQyzRnl,222026.0,4.0
3518,When All My Friends Move Away,carobae,27,0.548,0.278,3.0,-8.772,1.0,0.0439,0.911,0.0,0.1,0.33,77.522,2j8f9XK5UoW9jnxnkHqS20,143200.0,4.0
3869,drunk text me,Lexi Jayde,9,0.534,0.493,0.0,-6.818,1.0,0.0316,0.286,0.0,0.0889,0.232,79.97,5gukv8x9eP58gFy2OcZEBQ,213133.0,4.0
1573,If I Could Dance,Quinn Lewis,11,0.592,0.483,7.0,-7.152,1.0,0.0365,0.408,0.0,0.112,0.358,66.812,6Xz2Sxq7Cf0sHOFZYXzeYJ,159383.0,3.0
416,Breakeven,The Script,11,0.63,0.696,10.0,-4.501,1.0,0.0242,0.144,0.0,0.0835,0.491,94.034,285hMzLhJwHVLe9QT9qilk,261427.0,4.0
2456,Pass Me By,Peter Fenn,8,0.589,0.324,5.0,-10.896,1.0,0.0479,0.608,3.6e-05,0.113,0.606,95.129,58Ns9PCAUQW5hlq0MtVYMF,136421.0,4.0
168,Alright,Gracie Abrams,11,0.584,0.199,0.0,-12.263,0.0,0.039,0.964,0.000108,0.114,0.353,196.603,1wXqbn4OVaYBOhgj7Z4did,144485.0,3.0
1973,Luck,Appleby,3,0.635,0.13,3.0,-18.35,1.0,0.0311,0.84,0.259,0.12,0.293,100.0,3SBWvEd2AXOsXjqN61K3fz,139625.0,4.0
1233,Haunt You,Haley Joelle,23,0.556,0.456,1.0,-5.913,1.0,0.0327,0.804,1.46e-06,0.165,0.503,86.034,7gGL98JRDErLSy6q1NS6Z0,166105.0,4.0
2527,Points of View,Abandoning Sunday,1,0.425,0.117,4.0,-17.921,1.0,0.0375,0.903,1.23e-05,0.107,0.192,139.813,2uuh0F28HlUlZyaYvfpyg0,241285.0,4.0
141,All Too Well (Taylor's Version),Taylor Swift,3,0.631,0.518,0.0,-8.771,1.0,0.0303,0.274,0.0,0.088,0.205,93.023,5enxwA8aAbwZbf5qCHORXi,613027.0,4.0
3623,Wonder,Honeywater,3,0.493,0.215,2.0,-10.004,1.0,0.032,0.673,2.85e-06,0.105,0.195,129.583,61n5zGqotx4iTeMm6lH1Mh,295323.0,4.0
1521,I know it won't work,Gracie Abrams,12,0.656,0.584,5.0,-8.959,0.0,0.0524,0.544,5.51e-05,0.13,0.445,119.871,33uKUpu9ZXsHhcxRLoxnWI,245629.0,4.0
590,Colorado,carobae,10,0.575,0.208,7.0,-10.668,1.0,0.0298,0.748,0.0,0.1,0.769,87.967,6se8YnxjuzY2X01luHga9X,117333.0,4.0
2206,Never Stop Loving You,Rictor,5,0.425,0.24,4.0,-18.002,1.0,0.0343,0.937,0.229,0.108,0.367,84.261,2Bo0KWUV7HZcZzvRm9qfH0,217559.0,4.0
3374,Universe,Annika Bennett,20,0.463,0.296,4.0,-8.722,1.0,0.0309,0.917,0.0,0.102,0.311,111.177,7diHYiQh4qQ5ZEOV0zWeLD,235557.0,3.0
964,Feels Like,Gracie Abrams,20,0.617,0.483,11.0,-7.359,1.0,0.0458,0.702,0.000216,0.121,0.176,144.99,35IcAVSMsU9qzHfpPbvC8A,152318.0,4.0
2697,Safe And Sound,Capital Cities,6,0.655,0.819,0.0,-4.852,1.0,0.0316,0.000176,0.00374,0.104,0.766,117.956,6Z8R6UsFuGXGtiIxiD8ISb,192790.0,5.0
377,Blue Spirits,DWLLRS,3,0.657,0.657,9.0,-5.707,1.0,0.0478,0.64,0.0,0.287,0.375,130.002,4Z3Mmn6cIeuKprHQyyAbXQ,188308.0,4.0
213,Are You Listening,Chelsea Cutler,1,0.761,0.539,2.0,-6.128,1.0,0.0576,0.161,0.000731,0.151,0.588,90.013,1FknyJasNZQAgPPIzKNw02,172813.0,4.0
2255,Nobody,Bess Atwell,3,0.613,0.105,9.0,-13.413,0.0,0.0353,0.949,1.04e-05,0.113,0.235,128.524,5Es0cNDn3i2P03BWcAs7v9,148040.0,4.0
2306,OK,Canyon City,8,0.489,0.183,0.0,-14.769,1.0,0.033,0.907,3.95e-05,0.106,0.486,79.961,2gBYjMXW65daBB1elr68JK,212400.0,4.0
4215,this is how you fall in love,Jeremy Zucker,44,0.441,0.202,7.0,-12.499,1.0,0.0381,0.732,2.6e-05,0.126,0.269,77.971,1aEsTgCsv8nOjEgyEoRCpS,174587.0,4.0
2179,Nail In The Coffin,Rosie Darling,4,0.526,0.359,1.0,-8.332,1.0,0.0262,0.487,0.0,0.092,0.406,86.762,3BxRbDLMu7dVXCgVuhYzDI,225987.0,4.0
1151,Good as Gold,Greyson Chance,19,0.48,0.587,2.0,-6.155,1.0,0.0351,0.302,0.0,0.104,0.236,84.846,7sxiJ4a8uROYMvhkgGbQcK,205747.0,4.0
1843,Like You Did Before,Chris Sigl,14,0.564,0.235,4.0,-17.605,0.0,0.0656,0.968,0.000268,0.0964,0.106,135.751,29iLMgr1DO46NJJvSZrNsW,199403.0,4.0
351,Black Converse,LOVA,13,0.775,0.41,3.0,-7.481,1.0,0.0464,0.724,2.62e-05,0.114,0.298,117.165,7axPmEf1nwosqBDVoMugvD,186733.0,4.0
116,Align,Nina Nesbitt,1,0.566,0.321,2.0,-8.456,1.0,0.028,0.48,0.0,0.0846,0.193,108.005,4recY65yweLVdYXXFpyvLD,238107.0,4.0
4163,somebody loves you,Jeremy Zucker,1,0.745,0.57,7.0,-7.748,1.0,0.188,0.323,4.02e-05,0.119,0.709,95.012,5bP2w6Jfk5L44Mf2vqxhAl,206587.0,4.0
3675,You Belong With Me (Taylor’s Version),Taylor Swift,11,0.632,0.773,6.0,-4.856,1.0,0.0346,0.0623,0.0,0.0885,0.474,130.033,1qrpoAMXodY6895hGKoUpA,231124.0,4.0
1699,July (feat. Leon Bridges),Noah Cyrus,30,0.708,0.211,9.0,-9.603,0.0,0.0424,0.853,0.0,0.131,0.362,72.5,3V0nnQhqvbE3JmiDdnzQFQ,152280.0,4.0
698,Dear Future Me,Little King,3,0.647,0.591,5.0,-6.605,1.0,0.026,0.255,0.00629,0.118,0.754,91.554,3Fa4VIrk956ZRWSR43gjRd,240651.0,4.0
1080,Gaol,Nina Nesbitt,8,0.443,0.345,8.0,-12.833,1.0,0.0618,0.811,5.72e-05,0.15,0.331,57.969,45N2n2ZSVfICk1kvsuUIkn,69840.0,5.0
2342,Olive Branch,Sophie Holohan,3,0.348,0.421,3.0,-7.596,1.0,0.032,0.781,3.11e-06,0.243,0.238,158.55,3pVzShxGXrhPMN1KyN1Dkf,255915.0,3.0
3135,The Best You Had,Nina Nesbitt,37,0.69,0.582,5.0,-6.259,0.0,0.0333,0.358,0.0,0.0776,0.448,122.02,3i0VfLdOUCks9DmAht65XI,176853.0,4.0
2853,Slow Motion,Charlotte Lawrence,2,0.665,0.61,0.0,-7.655,0.0,0.0436,0.423,0.0,0.127,0.473,127.971,30I7kdtPa1Nmun5I5bns7Q,183850.0,4.0
1194,Half a Heart,One Direction,2,0.515,0.714,0.0,-4.516,1.0,0.0348,0.286,0.0,0.118,0.495,155.954,6nIE1oCE4udqMGv3bqVNVb,188547.0,4.0
4127,reckless driving,Lizzy McAlpine,23,0.532,0.39,0.0,-10.495,1.0,0.234,0.684,0.0,0.184,0.431,199.956,5GpEHUNI0T7L7H3DnAaBXh,189247.0,4.0
3242,They Just Exist,Gatton,18,0.528,0.394,11.0,-10.402,1.0,0.0582,0.799,0.0,0.354,0.231,134.309,4l11LJwxT4t80GbBwFlUPt,176299.0,4.0
2373,Only a Matter of Time,Joshua Bassett,1,0.504,0.271,7.0,-9.988,1.0,0.0305,0.883,0.0,0.122,0.45,83.973,6QpPVC3iLIlWuYsm5kwIke,194093.0,5.0
1757,La Reyna,Penny and Sparrow,5,0.45,0.28,7.0,-12.637,1.0,0.0279,0.792,0.00043,0.136,0.177,98.571,5CZJiCR6hh4yiJ5Qzui4W0,229773.0,5.0
1063,Frisky,Dominic Fike,3,0.847,0.487,9.0,-5.519,1.0,0.047,0.211,0.0,0.0761,0.811,97.018,3my33XXLpYUzVEeLOyftV2,115618.0,4.0
1502,I Was In Heaven,Chelsea Cutler,14,0.329,0.307,5.0,-10.628,1.0,0.0296,0.783,1.67e-05,0.115,0.179,79.278,5lvGoKl7dbjEXIi1E0tfL8,256000.0,4.0
3315,Too Much I Miss You,Chelsea Cutler,1,0.396,0.356,2.0,-10.632,1.0,0.0971,0.693,2.52e-06,0.645,0.218,91.372,7bAUg0xKX0t0LnLzSrX71l,190453.0,4.0
70,A Little Bit Longer,Alec Wigdahl,2,0.683,0.372,7.0,-7.297,1.0,0.0489,0.874,0.0,0.0814,0.378,105.169,40gFt0gW3CNWcy6ZkApWU2,182286.0,4.0
550,Cinematic,Katelyn Tarver,3,0.613,0.475,9.0,-13.171,1.0,0.0363,0.635,0.000305,0.17,0.276,90.973,3KnPwyCRehZSSQvuR6R6c0,154133.0,4.0
3767,at least i'm pretty,Harriette,3,0.86,0.422,1.0,-9.785,1.0,0.0296,0.541,0.00449,0.139,0.523,99.958,69BSm4vFLLo4L8nUulybMc,106800.0,4.0
2021,Maniac,Gatlin,3,0.649,0.443,0.0,-10.076,0.0,0.0277,0.722,0.000407,0.0748,0.572,115.019,0KXQgaHVlOW3GRDLPPsz8a,254064.0,4.0
433,Brooklyn - Stripped,Emily James,4,0.504,0.196,10.0,-12.429,1.0,0.0408,0.96,1.4e-05,0.109,0.319,179.854,3goLem0sEOQmKk29FWYx6q,171560.0,4.0
2015,Mama Said,The Shirelles,1,0.701,0.322,1.0,-12.103,0.0,0.0685,0.57,0.0,0.114,0.84,140.907,1SN5fcUZyWFktGbEoHdHOm,124502.0,4.0
1829,Lights,Rosie H Sullivan,5,0.406,0.132,11.0,-14.3,0.0,0.031,0.924,0.00133,0.111,0.19,135.692,0bXu0KtV5LaKSQOdBjgQFj,223935.0,3.0
1663,It's Always Been You,Caleb Hearn,1,0.562,0.29,10.0,-8.733,1.0,0.0289,0.599,0.0,0.116,0.207,131.892,440H25G5ApUQu9YIRnGh6L,169948.0,4.0
2655,Rome,Dermot Kennedy,9,0.485,0.541,8.0,-5.596,1.0,0.0481,0.506,0.0,0.113,0.13,103.006,2ZwihAP8zB5XX1CmYIOBbF,202347.0,4.0
2738,Seahorses Of Old Mexico,Merle Haggard,1,0.437,0.268,6.0,-16.676,0.0,0.0605,0.746,0.000243,0.0879,0.702,178.247,0q7au3GY4BJHIhxFbKs5lG,215760.0,3.0
1571,If I Can't Have You,Shawn Mendes,1,0.691,0.823,2.0,-4.197,1.0,0.0623,0.487,0.0,0.134,0.87,123.935,2bT1PH7Cw3J9p3t7nlXCdh,191467.0,4.0
2705,Same Boat,Lizzy McAlpine,34,0.47,0.148,2.0,-11.915,1.0,0.0459,0.927,0.0,0.0989,0.273,94.585,4PCsSHOvnIXh2TBdEzb0pr,202800.0,4.0
3776,better off,Jeremy Zucker,46,0.708,0.322,8.0,-12.46,0.0,0.0371,0.747,9.24e-05,0.137,0.46,98.892,7bdYxWPCs46dQ0XLwySOyv,193947.0,4.0
734,Die Young,Kesha,2,0.711,0.7,1.0,-4.805,0.0,0.046,0.00498,0.000125,0.215,0.801,128.001,7EQGXaVSyEDsCWKmUcfpLk,211920.0,4.0
301,Begging for More,Rebecca Bangfield,3,0.591,0.339,0.0,-12.724,1.0,0.027,0.797,5.51e-06,0.247,0.317,85.052,3kFQESQLmkKJMT2qktDUo2,210882.0,4.0
2774,Shameful Company - Live from Athens Georgia,Rainbow Kitten Surprise,1,0.603,0.655,5.0,-8.51,1.0,0.043,0.305,0.0001,0.693,0.206,127.053,7Ch7sZWaUQh7xFNyQbvGKG,237629.0,4.0
121,All Good,Garrett Kato,2,0.492,0.159,0.0,-14.192,1.0,0.0408,0.901,1.85e-06,0.111,0.11,134.006,7cQTqFHqB1MXYYHE5qFEUC,211133.0,4.0
2506,Place We Were Made,Maisie Peters,21,0.36,0.351,0.0,-9.105,1.0,0.0392,0.812,0.0,0.172,0.321,180.053,7nZF59EvFUshBQfhHev64D,185274.0,3.0
2442,Paper Planes,Elina,55,0.529,0.351,1.0,-12.484,1.0,0.0368,0.543,0.0,0.0851,0.529,147.815,5GzgEC6pWf1USZsCtkG8yC,199981.0,4.0
1630,Infinitely Falling,Fly By Midnight,1,0.6,0.842,9.0,-6.876,1.0,0.0326,0.133,0.00404,0.115,0.49,107.014,7KWf7gZ05NciRE6SXZveds,163738.0,4.0
2783,She Will Be Loved - Radio Mix,Maroon 5,6,0.651,0.663,0.0,-5.569,0.0,0.0281,0.228,0.0,0.0994,0.465,102.0,4llK75pXNWZz6KAho2Gp16,259453.0,4.0
1934,Love Me Nicely,Avery Lynch,7,0.407,0.271,6.0,-13.426,1.0,0.123,0.893,0.0,0.292,0.211,78.74,6a5ymtZWkqTX092YskNQE0,228750.0,3.0
2330,Old Love - Acoustic,Tamzene,4,0.6,0.238,6.0,-8.997,1.0,0.0473,0.915,1.26e-05,0.11,0.338,131.45,0MojfKeuvsmvVN8QwnqhoD,212133.0,4.0
1620,In Your Circle,Aaron Percy,5,0.411,0.218,2.0,-14.581,1.0,0.0382,0.907,0.00435,0.27,0.439,92.008,6GZ4zopCYkUyRW2uMMXwE3,159693.0,4.0
4149,self sabotage,Lexi Jayde,1,0.585,0.506,2.0,-7.009,1.0,0.0459,0.64,6.68e-05,0.141,0.239,135.942,1B7WWtKiz2LU85t9tL8x5v,220153.0,4.0
3924,hate to be lame,Lizzy McAlpine,65,0.522,0.251,10.0,-12.626,0.0,0.0603,0.871,0.000258,0.0769,0.303,137.366,26MJjeJ0NSOQDKeZzrEFMl,156798.0,3.0
922,Fall Again,Olivia Dean,6,0.548,0.176,3.0,-12.465,1.0,0.0409,0.931,2e-05,0.121,0.207,69.836,5zj2SeupnlWgrRnyMJOwT2,171000.0,4.0
296,Bees,The Ballroom Thieves,12,0.52,0.136,0.0,-15.263,1.0,0.0351,0.774,0.0,0.139,0.428,101.552,13otFWMHR8dlJ73XnSEW8y,190120.0,4.0
455,Butterfly Rain,Tori Templet,22,0.836,0.188,7.0,-15.119,0.0,0.149,0.242,2.85e-05,0.136,0.308,146.0,1CTgM4cDCcxdHvSG84Xnbl,223582.0,4.0
81,A Quiet Way,Winnie Raeder,2,0.336,0.173,3.0,-13.263,1.0,0.0424,0.938,1.11e-05,0.0706,0.202,152.761,35dZuhNkHfxdSVICQvsygq,185880.0,5.0
418,Breathe,Brynn Elliott,1,0.541,0.271,5.0,-10.108,1.0,0.0362,0.84,4.21e-06,0.103,0.261,114.406,0x1TV5GIh3Bb1uOHGM8CPV,137984.0,5.0
2961,Steady Love,Evergreen,8,0.599,0.457,11.0,-12.457,0.0,0.0364,0.422,0.0232,0.076,0.21,136.016,1edyR651JIWLDCN0G75t3n,279598.0,4.0
306,Being Alone,Gatlin,3,0.632,0.566,2.0,-5.951,1.0,0.0304,0.535,0.000267,0.534,0.584,120.932,5QHskkvQPK7q2bVe1koikF,211613.0,3.0
3726,Zach's Ballad,Peter Manos,3,0.676,0.17,9.0,-13.2,1.0,0.0335,0.911,0.000242,0.119,0.285,110.008,1dBdrCDwt8Fxheqzb8xXDt,168974.0,3.0
106,Afterglow,Portair,1,0.348,0.268,4.0,-11.705,0.0,0.034,0.761,0.00334,0.112,0.124,145.221,4xRDWaPf1AuMJo9sytQU0w,190741.0,4.0
3583,Wii Date,City Girl,2,0.774,0.468,8.0,-10.217,1.0,0.303,0.236,1.67e-06,0.157,0.59,154.976,2bM3ptRxLbPQngcYwKGDfI,178065.0,4.0
1210,Happier,Ed Sheeran,1,0.522,0.385,0.0,-7.355,1.0,0.0288,0.536,0.0,0.135,0.236,89.792,2RttW7RAu5nOAfq6YFvApB,207520.0,4.0
565,Close to Her,Isa Bruder,3,0.456,0.282,0.0,-12.507,1.0,0.0273,0.318,0.0,0.18,0.171,103.337,4KUO26nElAxfXzVeXICCrM,187826.0,3.0
2719,Save Us,Lennon Stella,3,0.652,0.799,2.0,-6.408,1.0,0.0339,0.0632,0.0565,0.0823,0.733,89.98,45KIvymezcVSStboODBQWX,181160.0,4.0
3816,champagne problems,Taylor Swift,13,0.462,0.24,0.0,-12.077,1.0,0.0377,0.92,0.0,0.113,0.32,171.319,0sY6ZUTh4yoctD8VIXz339,244000.0,4.0
3222,The Way I Love You,Michal Leah,1,0.66,0.261,4.0,-9.362,1.0,0.0403,0.904,0.0,0.101,0.298,120.258,1lzvc17qKf2CyIOSWUEH4p,152703.0,3.0
1212,Happily Ever After,He Is We,1,0.569,0.706,4.0,-4.98,1.0,0.0265,0.0267,0.0,0.0947,0.375,100.074,0uAZ41yDTN1nrL60GANOz1,244187.0,4.0
812,Drove To The Ocean,Paget,2,0.667,0.305,1.0,-13.281,1.0,0.0323,0.122,0.163,0.124,0.266,115.021,6cjD5GgWYIPeQ7DwcaIHpr,176000.0,4.0
3293,Tin Lover,The Paper Kites,8,0.651,0.0324,1.0,-22.56,1.0,0.0333,0.961,0.792,0.101,0.101,89.994,0oODAuxcJ94qCEYMgsCti4,199653.0,3.0
3541,When You're Gone,Lex,8,0.662,0.238,6.0,-15.667,1.0,0.0423,0.815,5.86e-06,0.113,0.464,133.016,2437fSloMfgI3lzkcaAvdz,191617.0,4.0
4270,what if we met on the moon?,DeCC,3,0.654,0.111,9.0,-21.017,0.0,0.0621,0.87,0.0,0.0832,0.381,99.955,6kdmQGG9E5e5IM7tUbiULI,200481.0,4.0
1718,Just Wanna Be Your Friend,Ben Kessler,17,0.444,0.426,8.0,-9.258,0.0,0.0794,0.153,0.000721,0.628,0.457,72.283,6rE0bgIYJlr1d24ZWYq1YF,147741.0,5.0
1559,I'm with You,Vance Joy,22,0.549,0.338,7.0,-10.956,1.0,0.0424,0.803,0.0,0.356,0.456,114.755,0ng6gfC9IsDWL0WU95WGrr,280062.0,3.0
3398,Vanilla (Stairwell Version),Holly Humberstone,9,0.396,0.276,0.0,-9.238,1.0,0.0749,0.881,0.0,0.155,0.394,80.573,7yuecadXy2rAgc6Id2D6Qw,246071.0,4.0
1449,I Just Really Hope You Exist,Cassie McMillan,1,0.419,0.166,8.0,-15.366,1.0,0.0339,0.979,0.0386,0.126,0.463,85.449,2OQZO8BHs1tsY3Jy9Lx8A4,219845.0,4.0
4020,justacow (demo3),Joe P,2,0.584,0.473,3.0,-13.62,1.0,0.0386,0.962,0.127,0.112,0.647,172.052,3pu3adQSvMEtDsROAlYQJT,184304.0,4.0
3294,Tired,Anke Richards,3,0.654,0.327,10.0,-12.52,0.0,0.0885,0.794,4.52e-06,0.458,0.327,99.389,1zXmt0xvYSLy7iacRYYgMl,147588.0,4.0
3307,Tobacco In My Sheets,Lauren Aquilina,2,0.524,0.207,9.0,-9.714,1.0,0.0435,0.656,0.0,0.342,0.276,112.952,4p6IFaIofYYRHrJlLq8MyY,201653.0,3.0
474,Call It a Night,Mills,1,0.428,0.424,2.0,-10.62,1.0,0.0774,0.667,0.0,0.149,0.466,97.828,7vBhJEqkJFbVmYJsJGA2Vo,185419.0,5.0
3923,happy for you,Jasmine Thompson,7,0.462,0.338,3.0,-8.788,1.0,0.045,0.824,0.0,0.129,0.416,139.845,27KDaaYxMJgJcyixSP7oHO,165990.0,4.0
2101,Molly,Jordy Searcy,3,0.754,0.299,3.0,-12.094,1.0,0.0864,0.935,0.0128,0.11,0.749,100.502,3rbcS4sYF7L86YGajPqJwR,184000.0,4.0
3633,Worst of You,Maisie Peters,35,0.741,0.466,4.0,-7.258,1.0,0.0357,0.558,0.0,0.0583,0.351,102.058,54iSfkh69fxhnSNrgvTEBp,197369.0,4.0
1362,How Can You Not,Leanna Crawford,2,0.531,0.622,7.0,-4.737,1.0,0.0424,0.0607,0.0,0.131,0.263,145.951,0covwa001dCZVFNB2Jz2tt,192862.0,4.0
1638,Into Yellow - Piano Version,Martin Luke Brown,1,0.518,0.121,3.0,-11.918,1.0,0.04,0.981,0.00023,0.097,0.15,72.454,2Fsxwsf8LrPuH30F2qpEbU,164000.0,4.0
48,4 + 20,"Crosby, Stills, Nash & Young",1,0.638,0.058,4.0,-25.243,1.0,0.0388,0.928,0.079,0.113,0.126,140.964,2jZPEeW2ynykb2GkVqpOkJ,126640.0,4.0
409,Brave Face,Haley Joelle,17,0.484,0.136,11.0,-10.578,1.0,0.0327,0.889,0.0,0.134,0.3,90.205,4yB1s08jEfpRMb0K07qCE9,198167.0,4.0
2727,Say Love,James TW,9,0.753,0.451,1.0,-7.638,1.0,0.0561,0.114,1.09e-06,0.369,0.542,84.01,49PVaqTTK6qn8Ku5BIR8Gt,221387.0,4.0
1889,Look Back & Laugh,David Kushner,13,0.546,0.332,2.0,-10.334,1.0,0.0582,0.611,0.000385,0.123,0.211,74.938,6e0Gfl49FN9m2c8QaB9vFr,164187.0,4.0
1266,Hearts on Fire,Jessie Reid,5,0.371,0.35,5.0,-10.279,1.0,0.0315,0.852,9.64e-06,0.101,0.358,170.712,5rF4khMrrwHgEjCLC6sB1f,219811.0,3.0
1387,Hurt Again,Jillian Rossi,3,0.638,0.564,9.0,-5.876,1.0,0.0374,0.123,2.97e-06,0.0811,0.109,96.08,3gdiyrJ3d1FGnYnCrVKwph,126562.0,4.0
2924,Spaceship (Bonus Track),shy martin,9,0.714,0.298,2.0,-11.524,1.0,0.0468,0.694,0.0,0.121,0.141,127.006,5VR6tKa3ltD0FkWBVqL3Pf,174629.0,4.0
3302,To Love Someone Else,Avery Lynch,15,0.482,0.273,1.0,-10.647,1.0,0.0384,0.89,3.18e-06,0.212,0.382,93.488,65Kezr8WVnLCgApyyI2ChT,224681.0,4.0
3503,What They'll Say About Us,FINNEAS,23,0.538,0.318,7.0,-13.036,0.0,0.0417,0.88,7.28e-05,0.116,0.0897,144.988,4W1gUkq2TAOOFCBet3i3WR,181210.0,4.0
3486,What Can I Do,Reneé Rapp,2,0.755,0.217,0.0,-11.118,1.0,0.0405,0.905,9.62e-06,0.0885,0.222,121.12,3H5Bg4ij1nbEmMmzDnZYri,167689.0,4.0
2066,Megan’s Song,Sophie Holohan,8,0.511,0.266,4.0,-8.345,1.0,0.0291,0.864,0.0,0.142,0.187,54.001,71eVKx9MDUBpGChmV98Hiu,190620.0,4.0
226,Asking the Aspens,Kathleen,24,0.62,0.297,3.0,-10.292,1.0,0.0327,0.72,0.0,0.0709,0.252,132.05,3XcRFpPw0yA8uQFrfjYOU0,169004.0,4.0
2345,Omni,The Brilliance,3,0.418,0.435,10.0,-8.149,1.0,0.0267,0.11,0.00795,0.353,0.58,175.895,6rf2Zm1GyzttYAL5rvxyji,109200.0,4.0
1861,Live Cinema,Ellie Williams,30,0.637,0.267,5.0,-12.409,1.0,0.0475,0.939,4.79e-06,0.0831,0.507,100.957,70MUqzw4xr1y07vB1E4yVt,141980.0,4.0
3858,do you wanna leave this city ?,Lexie Carroll,5,0.562,0.571,0.0,-10.5,1.0,0.0379,0.657,0.00226,0.174,0.538,77.984,1AblLvFc4zexceBF535Sct,199053.0,4.0
1488,I Should’ve Danced More,Elina,12,0.456,0.393,5.0,-6.436,1.0,0.0292,0.65,2.42e-06,0.111,0.282,95.566,7vCZ1vLPbbTG42dPHg0PC9,201027.0,4.0
559,Clocks,Coldplay,9,0.577,0.749,5.0,-7.215,0.0,0.0279,0.599,0.0115,0.183,0.255,130.97,0BCPKOYdS2jbQ8iyB56Zns,307880.0,4.0
639,Crosswords,Olivia Dean,32,0.645,0.255,11.0,-10.581,1.0,0.0545,0.589,0.0,0.174,0.406,94.973,094OGVJzllUzmdLvA31GqU,153446.0,4.0
3344,Turns Out,Liang Lawrence,3,0.469,0.375,0.0,-11.608,1.0,0.0361,0.859,1.63e-06,0.135,0.5,69.446,5mZcX0MLpOepdFhdB78mrU,191999.0,4.0
2667,Round & Round,Avery Lynch,12,0.5,0.232,2.0,-12.241,1.0,0.0466,0.914,1.32e-06,0.195,0.227,114.675,5PDbDbC8R93Q9DmzWYXMsw,168000.0,4.0
3042,Superspreader,Ber,3,0.647,0.368,5.0,-10.755,1.0,0.0393,0.709,4.75e-06,0.13,0.53,124.979,7FaIUgTqeTJuoCJRDVsrK9,200707.0,4.0
316,Best Part of Me,Caleb Hearn,2,0.371,0.226,0.0,-9.057,1.0,0.03,0.675,0.0,0.108,0.222,99.764,5nRTMvaTOkKxxAy5F8RmeB,139595.0,4.0
3620,Witness - feat. Rajiv Dhall,Rosie Darling,4,0.464,0.256,2.0,-10.456,1.0,0.0589,0.742,0.0,0.102,0.097,119.604,3zC3W1qHKdfPIjRbjnn56W,213133.0,5.0
3075,Take Me Back,BEXY,1,0.654,0.275,3.0,-13.044,1.0,0.0301,0.821,0.0,0.106,0.131,109.94,0r6ccEU9IVpXTUG6CLdDNX,200542.0,4.0
369,Bloom - Bonus Track,The Paper Kites,30,0.591,0.416,1.0,-9.794,1.0,0.0246,0.882,0.000641,0.112,0.415,96.003,1HMQmOWrkieKYWlFsjUP3D,210080.0,4.0
373,Blue Eyed Baby,ashton arbab,5,0.481,0.254,9.0,-6.626,1.0,0.033,0.933,0.0,0.107,0.275,117.041,24UUkJmkxXl1LUzhczL5YA,121271.0,4.0
4259,we'll be fine,Luz,2,0.505,0.122,11.0,-12.599,1.0,0.0527,0.9,0.0,0.0893,0.372,102.607,7FdvD8jMcvUW5xbxSsQTA8,296560.0,4.0
1569,Idle Sympathy,Bella Porter,5,0.324,0.0566,8.0,-20.033,1.0,0.0326,0.98,0.00151,0.104,0.0869,72.73,0pL6NVMTTthItYxz7KW1NJ,161030.0,3.0
1555,I'm Still Lonely,Charlie Pittman,11,,,,,,,,,,,,,,
3573,Who's She,Eloise,2,0.491,0.224,5.0,-12.679,0.0,0.0543,0.837,3.68e-05,0.138,0.227,116.604,3pI8TbWSxbV3PrpFICycpb,199400.0,4.0
4104,pass you by,Alaina Castillo,27,0.511,0.355,11.0,-6.883,1.0,0.0287,0.892,0.0,0.133,0.453,141.802,6idG4unPt6ROA9BSusQ9Me,245946.0,4.0
4254,warm blood,flor,2,0.561,0.786,3.0,-4.791,1.0,0.0292,0.0119,0.00217,0.0798,0.465,142.088,6Rp79bGrzD8cWUGE1eiL8s,247414.0,4.0
3305,To the Mountains,Lizzy McAlpine,24,0.461,0.147,4.0,-14.022,1.0,0.033,0.918,0.000638,0.0846,0.267,78.809,4jLxibvYRtzEAiTDvbL9fO,193800.0,1.0
1576,If I Had Stayed,Gatton,14,0.507,0.167,11.0,-12.95,1.0,0.0411,0.829,0.0,0.363,0.194,102.993,5wWQWPXrFhGcs1qCZtSA8D,131642.0,5.0
3404,Vienna,Eleni Drake,3,0.633,0.0881,10.0,-19.054,1.0,0.0528,0.926,0.00114,0.113,0.271,112.786,3ikdwkWiegWXB08gyAr3mt,214513.0,4.0
1774,Lately I've Been Sad,Lilacs.,18,0.74,0.35,9.0,-15.925,1.0,0.0493,0.354,0.00384,0.406,0.649,140.032,0unNb2KapPP7jv0QQzC7x4,182571.0,4.0
516,Cellophane,Sydney Rose,4,0.441,0.23,7.0,-13.624,1.0,0.0515,0.673,1.12e-05,0.197,0.149,156.962,2mRTRt12sNxX8R1xsvJmq4,197547.0,4.0
49,405,Gracie Abrams,15,0.568,0.324,0.0,-12.641,1.0,0.0855,0.869,4.16e-06,0.104,0.269,141.795,10aiqU1b6yK8zm4jOnQsA7,181900.0,4.0
1985,MISC.,Anthony Amorim,1,0.538,0.192,2.0,-10.731,1.0,0.0429,0.829,0.0,0.277,0.277,112.597,2L8lVlsIAC5ajX8jgLlLUg,165539.0,3.0
223,As a Child,Madeline The Person,2,0.507,0.266,7.0,-10.328,1.0,0.0344,0.93,8.78e-05,0.0984,0.268,126.231,2EX5zYrsrFWFPukAxfQ8Iv,190960.0,3.0
567,Closure,Hayd,4,0.692,0.107,2.0,-16.182,1.0,0.0463,0.967,0.0,0.302,0.377,123.999,3pt2acuxLXvIGproniPoq9,196277.0,4.0
560,Clockwork,Sophia James,2,0.55,0.379,1.0,-11.513,1.0,0.0303,0.78,0.0116,0.121,0.352,90.044,3DGJy61ZQHZJTfPtnMlU3Z,162600.0,3.0
2814,Silver & Gold,WILD,8,0.472,0.523,0.0,-6.223,1.0,0.0331,0.0271,0.0,0.091,0.583,173.918,59A9K2G7qofpffWeT9p1hA,180000.0,4.0
3272,Through,Joel Ansett,5,0.626,0.445,1.0,-10.483,1.0,0.0276,0.391,0.0947,0.0881,0.367,134.991,4HnuYwZ4OqI0RfRFrYwMqx,208867.0,4.0
2491,Pictures of You,Jolé,4,0.532,0.233,1.0,-13.791,1.0,0.0283,0.956,0.000643,0.0971,0.283,96.106,6V07PuGBSy1QzmsdtkHC99,203174.0,4.0
4160,snail / alwase,Sadurn,1,0.579,0.232,2.0,-12.289,1.0,0.039,0.985,0.0838,0.327,0.127,131.873,2jQAEKNzobDjVQmQAa2tez,126146.0,4.0
1572,If I Could,Noah Ransom,8,0.761,0.453,9.0,-10.579,0.0,0.0377,0.571,2.97e-06,0.56,0.492,132.028,0DGiIOrBx8pr29wR69SUOW,158571.0,4.0
983,Fireflies,Owl City,3,0.512,0.662,3.0,-6.797,1.0,0.0439,0.0275,0.0,0.118,0.472,180.114,3DamFFqW32WihKkTVlwTYQ,228347.0,4.0
53,511. Why Did You Marry That Person?,Freakonomics Radio,1,,,,,,,,,,,,,,
190,Another Round,Elina,30,0.702,0.181,2.0,-12.484,1.0,0.0386,0.826,0.0,0.0792,0.303,117.818,6K45xzUFGraTe7RJpe87sJ,181711.0,3.0
3874,erase me,Lizzy McAlpine,2,0.415,0.45,6.0,-8.529,0.0,0.0599,0.578,2.82e-05,0.155,0.305,93.17,4R2DDseYW2tsmMhvdQQ2Po,214468.0,4.0
2242,No Fun,Novo Amor,2,0.584,0.151,11.0,-14.161,1.0,0.0337,0.912,0.698,0.109,0.286,127.076,6IGq3RtjQ7o25MvImbKzRQ,211500.0,4.0
4282,wish I didn't know you,shy martin,17,0.45,0.352,9.0,-8.998,1.0,0.0364,0.672,0.0,0.099,0.244,160.889,6AQx8XPDGpyS4EAuKx2wZH,173203.0,3.0
325,Better Now,Evann McIntosh,3,0.546,0.22,0.0,-13.062,1.0,0.0429,0.511,5.64e-05,0.203,0.198,90.017,0BL2BPxS91y6O9i0bNGtSH,162667.0,4.0
2370,Only Know How to Love You - with Annika Bennett,Jordy Searcy,7,0.739,0.311,4.0,-9.166,0.0,0.0648,0.839,1.68e-05,0.112,0.295,140.031,5pqVztxO7Yt3dkKS899UKQ,180888.0,4.0
2723,Say (feat. Jake Meadows) - Acoustic Version,Ruel,3,0.539,0.19,9.0,-9.916,0.0,0.0401,0.951,0.0,0.112,0.179,114.225,0Vno3awyLj68OngqQmHcOt,238435.0,3.0
3012,Stuck With You - Acoustic,Anthony Amorim,2,0.582,0.202,9.0,-16.389,1.0,0.104,0.731,0.0,0.116,0.459,91.128,6w9l2QP8IGRUP5yOh4M3Jp,170910.0,4.0
1919,Love Brought Weight,Old Sea Brigade,3,0.366,0.327,7.0,-15.603,1.0,0.0344,0.699,0.363,0.0759,0.066,116.66,66deoxrDAEK7Qg1p0Vioxe,185747.0,4.0
2710,Same Room,JP Saxe,7,0.455,0.386,7.0,-10.883,1.0,0.0675,0.623,0.0,0.102,0.418,134.093,48yUhAZGJb5WGSclZK1RAF,233466.0,4.0
2495,Pineapple,The Careful Ones,10,0.538,0.215,2.0,-16.926,1.0,0.0322,0.911,0.000463,0.362,0.377,150.071,70WsODyKK2G9ZsMYHyl23M,179200.0,4.0
3915,got me thinking,shy martin,2,0.506,0.294,0.0,-11.612,1.0,0.0296,0.864,3.04e-06,0.0928,0.169,109.255,5UsX5Wxh6Xg5NBN15qhccw,223237.0,4.0
194,Ant Pile,Dominic Fike,1,0.8,0.733,0.0,-4.402,1.0,0.0517,0.0699,0.000801,0.439,0.921,124.986,6OrCWnvAja4n5IYdzchJlH,126232.0,4.0
1925,Love Is Just a Way to Die,I Am Strikes,2,0.437,0.451,11.0,-9.052,1.0,0.0298,0.118,4.11e-06,0.092,0.188,74.01,6AGaZo5mCLUhKMcOx2UlcS,252967.0,4.0
2675,Run Awhile,badly,3,0.618,0.613,3.0,-8.787,1.0,0.0506,0.624,0.0,0.172,0.38,134.944,6Y9bPmm2jp7StxAiDHCFhv,200946.0,4.0
1184,Hailey,WRENN,17,0.656,0.436,2.0,-10.382,1.0,0.0542,0.424,0.000114,0.111,0.111,97.881,1bQ5gQOyzWbPl6TXFuvi8z,167463.0,4.0
886,Every Time,Aaron Percy,2,0.544,0.28,4.0,-11.353,0.0,0.0457,0.797,0.00952,0.173,0.311,124.099,7ooqbpM373zl6JyNeQFuLG,179112.0,4.0
1964,Loving & Losing,Delaney Bailey,21,0.462,0.0451,0.0,-22.678,1.0,0.0464,0.985,0.000403,0.0934,0.287,69.845,4pJ8QXcEUZO2EQlfeqBKzN,184972.0,4.0
1491,I Think I,Ben Kessler,55,0.557,0.487,3.0,-10.003,1.0,0.0405,0.437,0.00987,0.167,0.504,158.877,4v7shHT3eXpvBoG5k2OMIM,169412.0,3.0
2493,Pieces,Olive James,5,0.627,0.355,4.0,-9.588,1.0,0.0354,0.782,0.000547,0.0975,0.133,119.838,47u0UNOtYtUsCoLc98ihQX,214116.0,4.0
350,Black Coffee - Unplugged,Ryan Warnick,4,0.757,0.0292,7.0,-18.343,1.0,0.075,0.858,0.0,0.108,0.346,84.374,4HjNEDdzQo4gkQYiSI1tuv,184957.0,4.0
4209,the stars,Chelsea Cutler,10,0.561,0.376,11.0,-11.617,0.0,0.0448,0.58,0.131,0.125,0.241,129.55,6P93dZRSA9xKTrFUkZwGS7,173120.0,4.0
4257,we fell in love in october,girl in red,1,0.566,0.366,7.0,-12.808,1.0,0.028,0.113,0.181,0.155,0.237,129.96,6IPwKM3fUUzlElbvKw2sKl,184154.0,4.0
2977,Still Something,Suriel Hess,3,0.697,0.402,11.0,-7.576,1.0,0.0398,0.533,0.0,0.0919,0.291,134.94,1ZpcmirRaGcNWhvhkg3nYX,188950.0,4.0
2236,Nirvana,ELLIANA,6,0.479,0.402,4.0,-9.573,1.0,0.0311,0.321,4.11e-05,0.116,0.153,134.035,11VPN6SfBRRmF2fESXlNep,266036.0,4.0
1295,"Hey, Soul Sister",Train,12,0.673,0.886,1.0,-4.44,0.0,0.0431,0.185,0.0,0.0826,0.795,97.012,4HlFJV71xXKIGcU3kRyttv,216773.0,4.0
3505,What Would I Do Without You,Drew Holcomb & The Neighbors,9,0.602,0.336,8.0,-11.106,1.0,0.0369,0.883,0.0017,0.143,0.335,90.894,11TK5KLtLZUdKr1C549bAw,172213.0,4.0
2937,Standing in the Rain,The Paper Kites,8,0.373,0.162,6.0,-16.539,1.0,0.0329,0.737,0.0381,0.112,0.351,81.438,5S4pAZfIugwULt49eneojF,221760.0,3.0
722,Dial Drunk,Noah Kahan,1,0.667,0.613,8.0,-7.147,1.0,0.0313,0.121,0.0,0.113,0.681,112.046,22VHOlVYBqytsrAqV8yXBK,213817.0,4.0
3908,glued to the floor,shy martin,14,0.591,0.316,11.0,-11.685,1.0,0.0435,0.85,0.0648,0.122,0.385,80.41,7h35wSYNVXTtcy2Dv1n4mQ,138954.0,4.0
3536,When You Love Someone,James TW,12,0.681,0.453,7.0,-6.09,1.0,0.0278,0.263,0.0,0.0543,0.348,125.772,0TXNKTzawI6VgLoA9UauRp,216560.0,4.0
4087,"oh, mexico",Jeremy Zucker,3,0.558,0.35,8.0,-13.244,1.0,0.0839,0.874,0.246,0.378,0.376,78.045,3dT28suh6dzuW7qF79Nf4F,184480.0,4.0
3114,Tell Me That You Love Me,James Smith,23,0.537,0.319,6.0,-8.749,1.0,0.0361,0.408,0.0,0.11,0.312,143.897,0n3pKT2HiMJGxoAYgyezBV,194659.0,4.0
2598,Red Eye,Vance Joy,19,0.535,0.542,9.0,-7.436,1.0,0.0288,0.0418,0.0,0.158,0.129,115.554,2yGxX67YzZWlNni7kSthlm,303827.0,4.0
1736,Kill Bill,SZA,4,0.644,0.735,8.0,-5.747,1.0,0.0391,0.0521,0.144,0.161,0.418,88.98,1Qrg8KqiBpW07V7PNxwwwL,153947.0,4.0
4001,ilym (feat. ROSIE),John K,17,0.261,0.277,1.0,-8.143,0.0,0.031,0.572,1.4e-06,0.0859,0.0617,179.077,6iT0ZdQcHwzQDNcAC2oDKX,236082.0,3.0
3737,a message to that girl i fell in love with.,bloody white,5,0.373,0.0293,8.0,-21.811,1.0,0.0396,0.942,1.83e-05,0.131,0.15,140.875,4ulnj9i9nQAcMRbWxBOXlh,133714.0,4.0
202,"Apart From, a Part Of, You.",Mon RovÎa,2,0.559,0.295,2.0,-9.533,0.0,0.0353,0.953,0.000736,0.116,0.246,142.428,4hck7P3HkjRLZC2jiYNIak,136021.0,4.0
115,Alexandria (Slowed),myclownshoes,5,0.852,0.142,1.0,-17.346,0.0,0.0405,0.847,0.000619,0.142,0.257,100.017,3gCUAa67kcVxX7Mt24ZPhN,154096.0,3.0
1599,Immune,Jensen McRae,5,0.545,0.365,6.0,-8.97,1.0,0.0396,0.136,4.86e-06,0.201,0.233,150.125,3b9xmyHRcolDEoaECLJ3OF,210166.0,4.0
3484,What Am I Gonna Do On Sundays?,Olivia Dean,4,0.526,0.484,10.0,-8.817,1.0,0.0414,0.266,1.45e-06,0.104,0.177,135.537,0WttB2xYS66VopJmwD1UzF,209213.0,4.0
4267,what a shame,Lizzy McAlpine,6,0.657,0.427,10.0,-10.658,1.0,0.0376,0.907,0.137,0.117,0.374,156.012,4kevrm6eqiUXb3D5mRDSOB,168023.0,4.0
664,DJ Got Us Fallin' In Love (feat. Pitbull),USHER,8,0.663,0.861,7.0,-3.398,0.0,0.109,0.0338,0.0,0.082,0.654,119.963,4356Typ82hUiFAynbLYbPn,220800.0,4.0
2514,Playing God,Victoria Bigelow,4,0.523,0.338,9.0,-11.822,1.0,0.0278,0.78,4.75e-05,0.114,0.338,137.953,3NyBkDYStDYvYR9JNLk3CM,176464.0,4.0
1608,In Love Now,Kallista Rowan,5,0.49,0.216,1.0,-8.119,1.0,0.0325,0.792,0.0,0.0997,0.068,105.614,2FV0C1Ki4gnDal2YyMPHcC,241990.0,4.0
4187,sydney,Julian,14,0.602,0.337,4.0,-10.297,1.0,0.034,0.716,0.0,0.423,0.409,119.862,3SiOCW1uoiphgeXK3oo36Y,204949.0,3.0
3627,Work Off My Hurt,Havelin,25,0.499,0.515,5.0,-5.735,1.0,0.0273,0.23,5.36e-06,0.112,0.36,80.913,1nYHyUuu1CorqO4X0a31d1,218965.0,4.0
3619,Witness,Rosie Darling,25,0.431,0.305,2.0,-9.761,1.0,0.0628,0.895,1.66e-06,0.0981,0.206,174.365,1DsVpqnIPZCV1YKdMragRL,235067.0,3.0
1958,Lovely Days,Angus Maude,1,0.929,0.373,0.0,-10.346,1.0,0.0603,0.507,0.000528,0.0693,0.288,109.976,798HihEyRE15wAZPnsP4pF,194727.0,4.0
1724,Kaleidoscope Tears,Erez Zobary,2,0.492,0.166,5.0,-13.532,1.0,0.0298,0.88,0.00428,0.115,0.0693,75.062,6C6t7mALKeKEaJwS5SLl6n,124630.0,4.0
1144,Good Mourning,Sophie Holohan,19,0.375,0.173,0.0,-12.099,1.0,0.0364,0.888,0.0,0.121,0.362,171.633,56Bdgw0WJk98bxa2pOMgMB,186628.0,3.0
217,Arms,The Paper Kites,28,0.41,0.141,2.0,-18.564,1.0,0.0337,0.931,0.0898,0.118,0.239,149.884,4EXvl9cypQrKVYwabqd1EY,203560.0,4.0
3732,a boy named pluto - acoustic,Hailey Knox,3,,,,,,,,,,,,,,
3499,What Is Life - 2014 Remaster,George Harrison,1,,,,,,,,,,,,,,
4309,Älskar,Nina Nesbitt,3,0.304,0.522,10.0,-7.62,1.0,0.0478,0.148,0.000111,0.179,0.269,127.382,3QAPr4kyuBXdg26v2O1oiv,181507.0,5.0
4300,you were good to me,Jeremy Zucker,39,0.561,0.0848,2.0,-15.099,1.0,0.0404,0.913,2.62e-05,0.112,0.206,102.128,4CxFN5zON70B3VOPBYbd6P,219147.0,4.0
2322,Oh Well,Hudson Freeman,3,0.484,0.0308,2.0,-18.219,1.0,0.0368,0.913,0.000452,0.0733,0.149,77.728,4PpkjHkNkcYpLY5HNIJodN,225302.0,4.0
3286,Time After Time - Spotify Singles,Lennon Stella,4,0.647,0.4,0.0,-9.449,1.0,0.0292,0.514,0.000719,0.0846,0.417,127.989,6vQCNDNbA0DQoSPftbzS1W,219648.0,4.0
4061,multiverse,Maya Manuela,2,0.601,0.291,0.0,-11.552,1.0,0.0339,0.391,0.0,0.307,0.23,92.997,5SNrF8sTUjkyliM7ZLhUtN,179225.0,4.0
3662,You & I,One Direction,4,0.574,0.329,1.0,-6.829,1.0,0.0274,0.22,0.0,0.0986,0.356,130.993,2afCBiru10AFckfOa49wIa,237933.0,4.0
1047,Free,Carol Ades,1,0.645,0.777,5.0,-5.864,1.0,0.062,0.0634,0.000649,0.0745,0.348,113.94,2wZhh84WylENwS23foVHkF,226157.0,4.0
1882,Long Sleeves,Gracie Abrams,15,0.45,0.25,10.0,-9.155,1.0,0.0353,0.815,5.94e-05,0.108,0.112,114.011,3wIRxCIGmdxld4ZC6yShZ9,218440.0,4.0
610,Concrete,Ben Kessler,17,0.578,0.459,0.0,-9.926,1.0,0.127,0.381,0.0247,0.231,0.344,92.067,7HGwpUzbvszA3q7pnokHkY,152051.0,4.0
4108,pennies (voice memo),Tiny Habits,7,0.574,0.204,4.0,-8.752,1.0,0.0383,0.928,0.0,0.0912,0.349,98.287,6Ge2YQyGilk3PFGVzhyNgb,182757.0,4.0
2566,Pyjamas (feat. Remi Wolf),Benny Sings,1,0.906,0.462,7.0,-9.486,1.0,0.096,0.172,0.0875,0.136,0.696,97.085,3Q8SnMp3lhGGoIJBDmYRPa,168240.0,4.0
980,Fiona,Jackii Kennedy,1,0.9,0.3,9.0,-11.244,1.0,0.0539,0.402,0.0,0.254,0.646,118.011,6CUzT5nLQZOHdywnogILPl,179711.0,4.0
2879,Somebody Else,D at Sea,2,0.892,0.303,9.0,-11.995,1.0,0.0959,0.768,0.00404,0.113,0.37,108.062,0GkQSHsHQ0OHgvGRXH6yJv,144444.0,4.0
2614,Remember you were the one,shy martin,2,0.633,0.566,0.0,-7.198,0.0,0.0316,0.221,1.52e-05,0.108,0.586,159.993,5a8cdHhMQ6zaQTjiUMFC4N,172017.0,4.0
1522,"I miss you, I’m sorry",Gracie Abrams,37,0.445,0.455,7.0,-6.405,1.0,0.0575,0.731,1.47e-06,0.124,0.151,109.885,4nyF5lmSziBAt7ESAUjpbx,167538.0,5.0
544,Chicago,McKenna Breinholt,5,0.575,0.348,4.0,-9.972,1.0,0.0309,0.659,0.000322,0.0847,0.208,119.901,6Y8NVhHbZbr6Uf4XIpF1VR,257559.0,4.0
2878,Somebody,Sigala,4,0.679,0.849,0.0,-3.841,1.0,0.0649,0.0916,0.0,0.121,0.683,100.095,6iMoJ3UdrO2ZjzzcaN8Eom,238667.0,4.0
2149,Mum,Luke Hemmings,3,0.331,0.438,3.0,-6.671,1.0,0.0338,0.108,0.000129,0.144,0.0641,144.185,3dSkr1cDkKdSZDYCTrnFKf,230143.0,4.0
3312,Tonight,Peter McPoland,1,0.484,0.942,7.0,-3.052,1.0,0.106,0.0022,0.0,0.356,0.448,157.014,03aXoiwsFCXxgYuoStgwJj,210667.0,4.0
2148,Muffin,KIITA,1,0.608,0.285,1.0,-10.733,1.0,0.0328,0.824,4.94e-06,0.0839,0.39,126.019,5cUy8nNa0g2AZO16ch4hBv,160093.0,4.0
3677,You Can Only Go in Pieces,Shua,3,0.412,0.365,7.0,-10.818,1.0,0.0458,0.894,2.51e-06,0.459,0.171,108.649,4GOlix5rBWcHrndmUObqi1,226527.0,3.0
2299,November Son,boy cam,4,0.7,0.21,1.0,-16.648,1.0,0.0368,0.925,0.00648,0.371,0.355,119.949,1oyqVsLk6KU6B1m7ueApQ5,238489.0,4.0
2347,On God,COTTA,1,0.527,0.15,11.0,-13.623,1.0,0.0429,0.923,0.0,0.132,0.374,98.032,2GvBduMjZndJ2sM5eV7UVi,103000.0,1.0
3784,break up with a friend,BLÜ EYES,6,0.46,0.359,2.0,-11.557,1.0,0.0448,0.837,8.25e-06,0.13,0.367,103.374,4dJqVb7D2JLgQlC8ywAgOL,171230.0,3.0
1680,Jealous of Paris,Haley Joelle,31,0.349,0.337,3.0,-9.267,1.0,0.0507,0.838,1.57e-06,0.196,0.442,181.694,2bS4tGfbBQ7Psy1NjzruK0,141639.0,3.0
624,Counting Stars,OneRepublic,8,0.664,0.705,1.0,-4.972,0.0,0.0382,0.0654,0.0,0.118,0.477,122.016,2tpWsVSb9UEmDRxAl1zhX1,257267.0,4.0
128,All I Want,Kodaline,36,0.188,0.411,0.0,-9.733,1.0,0.0484,0.174,0.153,0.0843,0.159,187.376,0NlGoUyOJSuSHmngoibVAs,305747.0,3.0
3244,Things I Say When You Sleep,Nina Nesbitt,6,0.502,0.243,4.0,-12.503,0.0,0.14,0.727,0.0,0.292,0.143,77.329,4gn69WfAgLUI2yl8U4Prjd,216160.0,5.0
2624,Retail Therapy,ROSIE,2,0.441,0.377,1.0,-9.539,1.0,0.0905,0.841,0.0,0.0751,0.266,78.215,2CR1bnF6vG4FLV39Ns9Wfk,181693.0,4.0
2994,Straight into Your Arms - Bonus Track Version,Vance Joy,1,0.645,0.557,7.0,-5.883,1.0,0.0329,0.224,0.0,0.374,0.461,100.026,1ueeLdAauagzEJ9coJQMYt,217156.0,4.0
939,False Art,Ben Kessler,60,0.588,0.402,2.0,-11.551,1.0,0.172,0.668,6.77e-06,0.33,0.267,91.257,5eBZPQjBjCRXKsu9DnfS21,183454.0,4.0
631,Crashing into You,Vance Joy,5,0.679,0.639,7.0,-4.979,1.0,0.0251,0.535,0.000577,0.0795,0.315,104.998,17FEpCqKLVOIMHp35sUIlg,188133.0,4.0
66,A Change Is Gonna Come,Sam Cooke,1,0.212,0.383,10.0,-10.071,1.0,0.0347,0.723,0.0,0.299,0.452,173.79,0KOE1hat4SIer491XKk4Pa,191160.0,3.0
1475,I Melt with You,Modern English,1,0.541,0.81,0.0,-11.745,1.0,0.0367,0.000975,0.00158,0.0681,0.647,155.582,6J2rMSRhgb4HuX6dWgM3nJ,251573.0,4.0
2488,Picture Perfect,Jolé,11,0.414,0.296,7.0,-13.036,1.0,0.0329,0.908,0.0746,0.207,0.378,152.178,6vCMEKOIRVGKIgfVPSh32R,174467.0,4.0
1649,Is She Gonna Be There?,Violet Skies,22,0.441,0.374,8.0,-9.575,1.0,0.0474,0.469,0.0,0.118,0.429,82.002,6vLeZI8HlkmIrZ4BGoLAbi,180631.0,3.0
1832,Like A Stone,I Am Strikes,14,0.441,0.312,9.0,-10.201,1.0,0.0319,0.833,0.0015,0.0704,0.223,145.348,4baptMzPd2O64bLUe2m1Al,303905.0,4.0
3882,fall out of love,Frida Nustad,1,0.66,0.288,4.0,-8.504,0.0,0.0384,0.881,0.0,0.0825,0.149,119.87,0eGUvanLnOcmnfSnA9X5Fr,220916.0,4.0
1466,I Like You,Olive James,13,0.669,0.384,9.0,-9.584,1.0,0.0383,0.793,1.71e-06,0.139,0.608,100.873,25oLT3AEPt3XYPd9UJrqO2,142176.0,4.0
2118,More Like You - Piano Version,Orla Gartland,1,0.804,0.214,2.0,-11.347,1.0,0.0484,0.964,0.0,0.124,0.294,123.968,64dZzOERFpgQBIqBkOpvQr,200225.0,4.0
3351,Two Punks In Love,bülow,32,0.498,0.418,0.0,-6.294,1.0,0.0539,0.881,0.0,0.113,0.796,190.078,4dIPtEnmudhZPD8MsAtzSK,195347.0,4.0
1657,It Hurts Too Much To Speak,Lina Cooper,2,0.447,0.421,2.0,-10.907,1.0,0.0314,0.723,1.39e-06,0.113,0.123,144.097,1UlxaIu70eSC0AjpiCUDdw,105445.0,4.0
2631,Rich Boy,Sara Kays,2,0.5,0.46,7.0,-8.707,1.0,0.0766,0.709,0.0,0.0883,0.519,106.981,6fAF2lOiZ86UNlY1Nth9tW,177264.0,4.0
3722,Yours,Evann McIntosh,13,0.45,0.179,0.0,-10.996,1.0,0.0331,0.917,0.0,0.0969,0.262,66.223,5nvBJUUseknA9qd9K0eGKU,286407.0,4.0
4085,ocean,Eve Christina,1,0.611,0.39,1.0,-14.758,1.0,0.137,0.806,0.0,0.0985,0.387,149.87,5OPqa5MKwBIHtBJl1fNqGl,139195.0,4.0
655,Crying Over You,The Band CAMINO,13,0.463,0.411,11.0,-8.25,1.0,0.0414,0.679,0.0,0.0453,0.163,147.3,53bCcVMGv0S2aIYvfju2Tt,178950.0,4.0
